word,colour,stim_condition,correct_resp,thisN,thisTrialN,thisRepN,key_resp.keys,key_resp.corr,key_resp.rt,key_resp.duration,trials.thisRepN,trials.thisTrialN,trials.thisN,trials.thisIndex,thisRow.t,notes,piloting,instruction.started,ins.started,key.started,instruction.stopped,key.keys,key.rt,key.duration,trial.started,fixation.started,fixation.stopped,text.started,key_resp.started,trial.stopped,trials.key_resp.keys,trials.key_resp.corr,trials.key_resp.rt,trials.key_resp.duration,thank.started,thankyou.started,thankyou.stopped,thank.stopped,participant,session,date,expName,expVersion,psychopyVersion,frameRate,expStart,
,,,,,,,,,,,,,,,,,False,0.011573333002161235,0.019590041003539227,0.019590041003539227,49.696493832998385,space,49.66076229200553,None,,,,,,,,,,,,,,,H,002,2026-09-06_18h06.33.897,Stroop2,,2026.1.3,121.5122815890486,2026-09-06 18h06.33.937573 +0530,
BLUE,red,I,r,0,0,0,r,1,0.9783932919963263,None,0,0,0,2,49.71894316600083,,,,,,,,,,49.70101258299837,49.71894316600083,50.193929374996515,50.193929374996515,50.193929374996515,51.17809704100364,r,1,0.9783932919963263,None,,,,,H,002,2026-09-06_18h06.33.897,Stroop2,,2026.1.3,121.5122815890486,2026-09-06 18h06.33.937573 +0530,
RED,red,C,r,1,1,0,r,1,1.1671881250003935,None,0,1,1,0,51.185171958000865,,,,,,,,,,51.17941287499707,51.185171958000865,51.669082583001,51.669082583001,51.669082583001,52.84405675000016,r,1,1.1671881250003935,None,,,,,H,002,2026-09-06_18h06.33.897,Stroop2,,2026.1.3,121.5122815890486,2026-09-06 18h06.33.937573 +0530,
BLUE,blue,C,b,2,2,0,b,1,0.4634508749950328,None,0,2,2,3,52.85204791599972,,,,,,,,,,52.844753083001706,52.85204791599972,53.33575979099987,53.33575979099987,53.33575979099987,53.802466415996605,b,1,0.4634508749950328,None,,,,,H,002,2026-09-06_18h06.33.897,Stroop2,,2026.1.3,121.5122815890486,2026-09-06 18h06.33.937573 +0530,
RED,blue,I,b,3,3,0,b,1,0.6250319579994539,None,0,3,3,1,53.81066341599944,,,,,,,,,,53.80316329099878,53.81066341599944,54.29331316600292,54.29331316600292,54.29331316600292,54.919085291003285,b,1,0.6250319579994539,None,,,,,H,002,2026-09-06_18h06.33.897,Stroop2,,2026.1.3,121.5122815890486,2026-09-06 18h06.33.937573 +0530,
RED,red,C,r,4,0,1,r,1,1.3862190829968313,None,1,0,4,0,54.92727787500189,,,,,,,,,,54.91922825000074,54.92727787500189,55.409919416000776,55.409919416000776,55.409919416000776,56.80258945799869,r,1,1.3862190829968313,None,,,,,H,002,2026-09-06_18h06.33.897,Stroop2,,2026.1.3,121.5122815890486,2026-09-06 18h06.33.937573 +0530,
BLUE,blue,C,b,5,1,1,b,1,0.7166592080029659,None,1,1,5,3,56.810117291002825,,,,,,,,,,56.80324154099799,56.810117291002825,57.29344766600116,57.29344766600116,57.29344766600116,58.01086979100364,b,1,0.7166592080029659,None,,,,,H,002,2026-09-06_18h06.33.897,Stroop2,,2026.1.3,121.5122815890486,2026-09-06 18h06.33.937573 +0530,
RED,blue,I,b,6,2,1,b,1,0.6822582499953569,None,1,2,6,1,58.018866666003305,,,,,,,,,,58.01146779100236,58.018866666003305,58.501818083001126,58.501818083001126,58.501818083001126,59.18572145800135,b,1,0.6822582499953569,None,,,,,H,002,2026-09-06_18h06.33.897,Stroop2,,2026.1.3,121.5122815890486,2026-09-06 18h06.33.937573 +0530,
BLUE,red,I,r,7,3,1,r,1,0.6207536660003825,None,1,3,7,2,59.193545000001905,,,,,,,,,,59.186357291000604,59.193545000001905,59.677237208001316,59.677237208001316,59.677237208001316,60.302008582999406,r,1,0.6207536660003825,None,,,,,H,002,2026-09-06_18h06.33.897,Stroop2,,2026.1.3,121.5122815890486,2026-09-06 18h06.33.937573 +0530,
BLUE,red,I,r,8,0,2,r,1,0.7611014169960981,None,2,0,8,2,60.31019929100148,,,,,,,,,,60.30214841599809,60.31019929100148,60.79383812499873,60.79383812499873,60.79383812499873,61.56077487499715,r,1,0.7611014169960981,None,,,,,H,002,2026-09-06_18h06.33.897,Stroop2,,2026.1.3,121.5122815890486,2026-09-06 18h06.33.937573 +0530,
RED,red,C,r,9,1,2,r,1,0.5469689590026974,None,2,1,9,0,61.56853124999907,,,,,,,,,,61.56139783300023,61.56853124999907,62.0519337500009,62.0519337500009,62.0519337500009,62.60225004100357,r,1,0.5469689590026974,None,,,,,H,002,2026-09-06_18h06.33.897,Stroop2,,2026.1.3,121.5122815890486,2026-09-06 18h06.33.937573 +0530,
BLUE,blue,C,b,10,2,2,b,1,0.5480930000048829,None,2,2,10,3,62.6100166660035,,,,,,,,,,62.602972291002516,62.6100166660035,63.09377612500248,63.09377612500248,63.09377612500248,63.64378725000279,b,1,0.5480930000048829,None,,,,,H,002,2026-09-06_18h06.33.897,Stroop2,,2026.1.3,121.5122815890486,2026-09-06 18h06.33.937573 +0530,
RED,blue,I,b,11,3,2,b,1,0.7066869999980554,None,2,3,11,1,63.65183070799685,,,,,,,,,,63.64434987500135,63.65183070799685,64.13512349999655,64.13512349999655,64.13512349999655,64.84374433299672,b,1,0.7066869999980554,None,,,,,H,002,2026-09-06_18h06.33.897,Stroop2,,2026.1.3,121.5122815890486,2026-09-06 18h06.33.937573 +0530,
RED,red,C,r,12,0,3,r,1,0.40835845800029347,None,3,0,12,0,64.85168004099978,,,,,,,,,,64.84388129100262,64.85168004099978,65.33543287499924,65.33543287499924,65.33543287499924,65.75235079100094,r,1,0.40835845800029347,None,,,,,H,002,2026-09-06_18h06.33.897,Stroop2,,2026.1.3,121.5122815890486,2026-09-06 18h06.33.937573 +0530,
BLUE,blue,C,b,13,1,3,b,1,0.41292650000104913,None,3,1,13,3,65.76047679100157,,,,,,,,,,65.7529614160012,65.76047679100157,66.2438108330025,66.2438108330025,66.2438108330025,66.66109441599838,b,1,0.41292650000104913,None,,,,,H,002,2026-09-06_18h06.33.897,Stroop2,,2026.1.3,121.5122815890486,2026-09-06 18h06.33.937573 +0530,
BLUE,red,I,r,14,2,3,r,1,0.6435780419997172,None,3,2,14,2,66.6685289579982,,,,,,,,,,66.66123133299698,66.6685289579982,67.16012804100319,67.16012804100319,67.16012804100319,67.81056195800193,r,1,0.6435780419997172,None,,,,,H,002,2026-09-06_18h06.33.897,Stroop2,,2026.1.3,121.5122815890486,2026-09-06 18h06.33.937573 +0530,
RED,blue,I,b,15,3,3,b,1,0.4870652500030701,None,3,3,15,1,67.81828637499711,,,,,,,,,,67.81122808300279,67.81828637499711,68.30161445800331,68.30161445800331,68.30161445800331,68.79378320799879,b,1,0.4870652500030701,None,,,,,H,002,2026-09-06_18h06.33.897,Stroop2,,2026.1.3,121.5122815890486,2026-09-06 18h06.33.937573 +0530,
BLUE,blue,C,b,16,0,4,b,1,0.5266695829996024,None,4,0,16,3,68.80160374999832,,,,,,,,,,68.79438954099896,68.80160374999832,69.28494279099687,69.28494279099687,69.28494279099687,69.81832762499835,b,1,0.5266695829996024,None,,,,,H,002,2026-09-06_18h06.33.897,Stroop2,,2026.1.3,121.5122815890486,2026-09-06 18h06.33.937573 +0530,
RED,blue,I,b,17,1,4,b,1,0.4823422080007731,None,4,1,17,1,69.82713487499859,,,,,,,,,,69.8189629999979,69.82713487499859,70.31045741600246,70.31045741600246,70.31045741600246,70.79359054099768,b,1,0.4823422080007731,None,,,,,H,002,2026-09-06_18h06.33.897,Stroop2,,2026.1.3,121.5122815890486,2026-09-06 18h06.33.937573 +0530,
BLUE,red,I,r,18,2,4,r,1,0.38278804199944716,None,4,2,18,2,70.80206341599842,,,,,,,,,,70.79415433300164,70.80206341599842,71.28499620799994,71.28499620799994,71.28499620799994,71.66904016600165,r,1,0.38278804199944716,None,,,,,H,002,2026-09-06_18h06.33.897,Stroop2,,2026.1.3,121.5122815890486,2026-09-06 18h06.33.937573 +0530,
RED,red,C,r,19,3,4,r,1,0.39868845800083363,None,4,3,19,0,71.67646866600262,,,,,,,,,,71.66959920799854,71.67646866600262,72.15989887499745,72.15989887499745,72.15989887499745,72.56055895800091,r,1,0.39868845800083363,None,,,,,H,002,2026-09-06_18h06.33.897,Stroop2,,2026.1.3,121.5122815890486,2026-09-06 18h06.33.937573 +0530,
BLUE,red,I,r,20,0,5,r,1,0.5647846659994684,None,5,0,20,2,72.568337040997,,,,,,,,,,72.56116045799718,72.568337040997,73.05169112500153,73.05169112500153,73.05169112500153,73.61892829099816,r,1,0.5647846659994684,None,,,,,H,002,2026-09-06_18h06.33.897,Stroop2,,2026.1.3,121.5122815890486,2026-09-06 18h06.33.937573 +0530,
BLUE,blue,C,b,21,1,5,b,1,0.7578729169981671,None,5,1,21,3,73.62652533299843,,,,,,,,,,73.61905991600361,73.62652533299843,74.10976308299723,74.10976308299723,74.10976308299723,74.86885274999804,b,1,0.7578729169981671,None,,,,,H,002,2026-09-06_18h06.33.897,Stroop2,,2026.1.3,121.5122815890486,2026-09-06 18h06.33.937573 +0530,
RED,red,C,r,22,2,5,r,1,0.574062125000637,None,5,2,22,0,74.87673616599932,,,,,,,,,,74.8695500410031,74.87673616599932,75.36035279100179,75.36035279100179,75.36035279100179,75.93553850000171,r,1,0.574062125000637,None,,,,,H,002,2026-09-06_18h06.33.897,Stroop2,,2026.1.3,121.5122815890486,2026-09-06 18h06.33.937573 +0530,
RED,blue,I,b,23,3,5,b,1,0.6960123330063652,None,5,3,23,1,75.94360504100041,,,,,,,,,,75.93569099999877,75.94360504100041,76.43533200000093,76.43533200000093,76.43533200000093,77.13531145799789,b,1,0.6960123330063652,None,,,,,H,002,2026-09-06_18h06.33.897,Stroop2,,2026.1.3,121.5122815890486,2026-09-06 18h06.33.937573 +0530,
BLUE,red,I,r,24,0,6,r,1,0.7501531669986434,None,6,0,24,2,77.14318933300092,,,,,,,,,,77.13605279100011,77.14318933300092,77.62623104100203,77.62623104100203,77.62623104100203,78.37708908299828,r,1,0.7501531669986434,None,,,,,H,002,2026-09-06_18h06.33.897,Stroop2,,2026.1.3,121.5122815890486,2026-09-06 18h06.33.937573 +0530,
BLUE,blue,C,b,25,1,6,b,1,0.8836342909999075,None,6,1,25,3,78.38525845800177,,,,,,,,,,78.37723033299699,78.38525845800177,78.86860049999814,78.86860049999814,78.86860049999814,79.76012008300313,b,1,0.8836342909999075,None,,,,,H,002,2026-09-06_18h06.33.897,Stroop2,,2026.1.3,121.5122815890486,2026-09-06 18h06.33.937573 +0530,
RED,blue,I,b,26,2,6,b,1,0.7476768329943297,None,6,2,26,1,79.76818649999768,,,,,,,,,,79.76077504100249,79.76818649999768,80.2515268749994,80.2515268749994,80.2515268749994,81.00203595800122,b,1,0.7476768329943297,None,,,,,H,002,2026-09-06_18h06.33.897,Stroop2,,2026.1.3,121.5122815890486,2026-09-06 18h06.33.937573 +0530,
RED,red,C,r,27,3,6,r,1,0.5586529159991187,None,6,3,27,0,81.00979058299708,,,,,,,,,,81.00217658300244,81.00979058299708,81.4934978329984,81.4934978329984,81.4934978329984,82.0603507909982,r,1,0.5586529159991187,None,,,,,H,002,2026-09-06_18h06.33.897,Stroop2,,2026.1.3,121.5122815890486,2026-09-06 18h06.33.937573 +0530,
BLUE,red,I,r,28,0,7,r,1,0.7066967920036404,None,7,0,28,2,82.06809616600367,,,,,,,,,,82.06098070800363,82.06809616600367,82.55140387499705,82.55140387499705,82.55140387499705,83.2602980829979,r,1,0.7066967920036404,None,,,,,H,002,2026-09-06_18h06.33.897,Stroop2,,2026.1.3,121.5122815890486,2026-09-06 18h06.33.937573 +0530,
BLUE,blue,C,b,29,1,7,b,1,0.6015687919934862,None,7,1,29,3,83.26821662500151,,,,,,,,,,83.26043583299906,83.26821662500151,83.75153883299936,83.75153883299936,83.75153883299936,84.35983345800196,b,1,0.6015687919934862,None,,,,,H,002,2026-09-06_18h06.33.897,Stroop2,,2026.1.3,121.5122815890486,2026-09-06 18h06.33.937573 +0530,
RED,red,C,r,30,2,7,r,1,0.6472938750011963,None,7,2,30,0,84.36804037499678,,,,,,,,,,84.36047595799755,84.36804037499678,84.85175966600218,84.85175966600218,84.85175966600218,85.50192862500262,r,1,0.6472938750011963,None,,,,,H,002,2026-09-06_18h06.33.897,Stroop2,,2026.1.3,121.5122815890486,2026-09-06 18h06.33.937573 +0530,
RED,blue,I,b,31,3,7,r,0,0.9773952500036103,None,7,3,31,1,85.50977499999863,,,,,,,,,,85.50206370800151,85.50977499999863,85.99357158299972,85.99357158299972,85.99357158299972,86.97708687499835,r,0,0.9773952500036103,None,,,,,H,002,2026-09-06_18h06.33.897,Stroop2,,2026.1.3,121.5122815890486,2026-09-06 18h06.33.937573 +0530,
RED,red,C,r,32,0,8,r,1,1.3965151669981424,None,8,0,32,0,86.98441529100091,,,,,,,,,,86.97722129100293,86.98441529100091,87.46841437499825,87.46841437499825,87.46841437499825,88.86842316600087,r,1,1.3965151669981424,None,,,,,H,002,2026-09-06_18h06.33.897,Stroop2,,2026.1.3,121.5122815890486,2026-09-06 18h06.33.937573 +0530,
BLUE,red,I,r,33,1,8,r,1,0.9198329589999048,None,8,1,33,2,88.87633641599678,,,,,,,,,,88.8690575829969,88.87633641599678,89.36004562499875,89.36004562499875,89.36004562499875,90.28488116600056,r,1,0.9198329589999048,None,,,,,H,002,2026-09-06_18h06.33.897,Stroop2,,2026.1.3,121.5122815890486,2026-09-06 18h06.33.937573 +0530,
BLUE,blue,C,b,34,2,8,b,1,0.5856985840000561,None,8,2,34,3,90.29308570799913,,,,,,,,,,90.28501683299692,90.29308570799913,90.77614987499692,90.77614987499692,90.77614987499692,91.36832512499677,b,1,0.5856985840000561,None,,,,,H,002,2026-09-06_18h06.33.897,Stroop2,,2026.1.3,121.5122815890486,2026-09-06 18h06.33.937573 +0530,
RED,blue,I,b,35,3,8,b,1,0.6007637079965207,None,8,3,35,1,91.37669133300369,,,,,,,,,,91.36894554099854,91.37669133300369,91.86000183300348,91.86000183300348,91.86000183300348,92.46858079099911,b,1,0.6007637079965207,None,,,,,H,002,2026-09-06_18h06.33.897,Stroop2,,2026.1.3,121.5122815890486,2026-09-06 18h06.33.937573 +0530,
RED,red,C,r,36,0,9,r,1,0.6527656670004944,None,9,0,36,0,92.476554957997,,,,,,,,,,92.46872004099714,92.476554957997,92.95997758299927,92.95997758299927,92.95997758299927,93.61817179100035,r,1,0.6527656670004944,None,,,,,H,002,2026-09-06_18h06.33.897,Stroop2,,2026.1.3,121.5122815890486,2026-09-06 18h06.33.937573 +0530,
BLUE,red,I,r,37,1,9,r,1,0.9436713749964838,None,9,1,37,2,93.626417958003,,,,,,,,,,93.61880962499708,93.626417958003,94.11003562500264,94.11003562500264,94.11003562500264,95.06032208300167,r,1,0.9436713749964838,None,,,,,H,002,2026-09-06_18h06.33.897,Stroop2,,2026.1.3,121.5122815890486,2026-09-06 18h06.33.937573 +0530,
BLUE,blue,C,b,38,2,9,b,1,0.7480006249970756,None,9,2,38,3,95.06829783300054,,,,,,,,,,95.06046120799874,95.06829783300054,95.5516321660034,95.5516321660034,95.5516321660034,96.30185033300222,b,1,0.7480006249970756,None,,,,,H,002,2026-09-06_18h06.33.897,Stroop2,,2026.1.3,121.5122815890486,2026-09-06 18h06.33.937573 +0530,
RED,blue,I,b,39,3,9,b,1,1.2131967910027015,None,9,3,39,1,96.30948145800357,,,,,,,,,,96.30256791599822,96.30948145800357,96.79337329100235,96.79337329100235,96.79337329100235,98.00992041599966,b,1,1.2131967910027015,None,,,,,H,002,2026-09-06_18h06.33.897,Stroop2,,2026.1.3,121.5122815890486,2026-09-06 18h06.33.937573 +0530,
,,,,,,,,,,,,,,,,,,,,,,,,,,,,,,,,,,,98.00996170799772,98.0179263329992,100.00987745800376,100.00150945800124,H,002,2026-09-06_18h06.33.897,Stroop2,,2026.1.3,121.5122815890486,2026-09-06 18h06.33.937573 +0530,
