thisN,thisTrialN,thisRepN,key_resp.keys,key_resp.corr,key_resp.rt,key_resp.duration,tilt,trials.thisRepN,trials.thisTrialN,trials.thisN,trials.thisIndex,thisRow.t,notes,piloting,Instruction.started,text.started,ins_resp.started,Instruction.stopped,ins_resp.keys,ins_resp.rt,ins_resp.duration,trial.started,fixation.started,key_resp.started,fixation.stopped,trial.stopped,trials.key_resp.keys,trials.key_resp.corr,trials.key_resp.rt,trials.key_resp.duration,trials.tilt,Thanks.started,Thank.started,Thank.stopped,Thanks.stopped,participant,session,date,expName,expVersion,psychopyVersion,frameRate,expStart,
,,,,,,,,,,,,,,False,0.010614917002385482,0.018846958002541214,0.018846958002541214,11.842892166998354,space,11.812430375000986,None,,,,,,,,,,,,,,,I-ODT,001,2026-09-08_15h14.47.920,OrientationDiscrimination,,2026.1.3,121.07789498818545,2026-09-08 15h14.47.954900 +0530,
0,0,0,up,1,0.5514983749962994,None,0,0,0,0,0,11.8518202080013,,,,,,,,,,11.843205375000252,11.8518202080013,12.83476525000151,12.843682917002297,13.403189083001052,up,1,0.5514983749962994,None,0,,,,,I-ODT,001,2026-09-08_15h14.47.920,OrientationDiscrimination,,2026.1.3,121.07789498818545,2026-09-08 15h14.47.954900 +0530,
1,0,1,up,1,0.574385916996107,None,0,1,0,1,0,13.409953542002768,,,,,,,,,,13.403276582997933,13.409953542002768,14.4019343330001,14.4019343330001,14.977013124997029,up,1,0.574385916996107,None,0,,,,,I-ODT,001,2026-09-08_15h14.47.920,OrientationDiscrimination,,2026.1.3,121.07789498818545,2026-09-08 15h14.47.954900 +0530,
2,0,2,down,1,0.4046834580003633,None,-4,2,0,2,0,14.985194417000457,,,,,,,,,,14.977095166999788,14.985194417000457,15.968472833003034,15.976890457997797,16.377062583000225,down,1,0.4046834580003633,None,-4,,,,,I-ODT,001,2026-09-08_15h14.47.920,OrientationDiscrimination,,2026.1.3,121.07789498818545,2026-09-08 15h14.47.954900 +0530,
3,0,3,up,0,0.595914041994547,None,1,3,0,3,0,16.38514458300051,,,,,,,,,,16.377142500001355,16.38514458300051,17.368185583000013,17.376498416997492,17.96865145800257,up,0,0.595914041994547,None,1,,,,,I-ODT,001,2026-09-08_15h14.47.920,OrientationDiscrimination,,2026.1.3,121.07789498818545,2026-09-08 15h14.47.954900 +0530,
4,0,4,up,0,0.5266210420013522,None,1,4,0,4,0,17.97686654199788,,,,,,,,,,17.968730874999892,17.97686654199788,18.959420375002082,18.96850829199684,19.493742708000354,up,0,0.5266210420013522,None,1,,,,,I-ODT,001,2026-09-08_15h14.47.920,OrientationDiscrimination,,2026.1.3,121.07789498818545,2026-09-08 15h14.47.954900 +0530,
5,0,5,down,1,0.5938003750052303,None,-4,5,0,5,0,19.501741749998473,,,,,,,,,,19.493815624999115,19.501741749998473,20.485168457998952,20.493366000002425,21.08474825000303,down,1,0.5938003750052303,None,-4,,,,,I-ODT,001,2026-09-08_15h14.47.920,OrientationDiscrimination,,2026.1.3,121.07789498818545,2026-09-08 15h14.47.954900 +0530,
6,0,6,up,1,0.5551856250021956,None,0,6,0,6,0,21.092855041999428,,,,,,,,,,21.08481304199813,21.092855041999428,22.07671804200072,22.085123666998697,22.63521587500145,up,1,0.5551856250021956,None,0,,,,,I-ODT,001,2026-09-08_15h14.47.920,OrientationDiscrimination,,2026.1.3,121.07789498818545,2026-09-08 15h14.47.954900 +0530,
7,0,7,up,1,0.5476937919956981,None,0,7,0,7,0,22.64273216699803,,,,,,,,,,22.635279750000336,22.64273216699803,23.62616979199811,23.634428666999156,24.17676941699756,up,1,0.5476937919956981,None,0,,,,,I-ODT,001,2026-09-08_15h14.47.920,OrientationDiscrimination,,2026.1.3,121.07789498818545,2026-09-08 15h14.47.954900 +0530,
8,0,8,up,1,0.4407463329989696,None,0,8,0,8,0,24.184857125001145,,,,,,,,,,24.176830999997037,24.184857125001145,25.16827758299769,25.176661332996446,25.61022291699919,up,1,0.4407463329989696,None,0,,,,,I-ODT,001,2026-09-08_15h14.47.920,OrientationDiscrimination,,2026.1.3,121.07789498818545,2026-09-08 15h14.47.954900 +0530,
9,0,9,up,0,0.7360750419975375,None,2,9,0,9,0,25.618331291996583,,,,,,,,,,25.61029916699772,25.618331291996583,26.60164858299686,26.609427000003052,27.34350070799701,up,0,0.7360750419975375,None,2,,,,,I-ODT,001,2026-09-08_15h14.47.920,OrientationDiscrimination,,2026.1.3,121.07789498818545,2026-09-08 15h14.47.954900 +0530,
10,0,10,down,1,0.4957749999957741,None,-5,10,0,10,0,27.351626208001107,,,,,,,,,,27.34357462499611,27.351626208001107,28.33492291699804,28.343328041999484,28.83523595800216,down,1,0.4957749999957741,None,-5,,,,,I-ODT,001,2026-09-08_15h14.47.920,OrientationDiscrimination,,2026.1.3,121.07789498818545,2026-09-08 15h14.47.954900 +0530,
11,0,11,up,1,0.6340650409983937,None,0,11,0,11,0,28.843276708001213,,,,,,,,,,28.835304874999565,28.843276708001213,29.826572541998758,29.834967750000942,30.468529083002068,up,1,0.6340650409983937,None,0,,,,,I-ODT,001,2026-09-08_15h14.47.920,OrientationDiscrimination,,2026.1.3,121.07789498818545,2026-09-08 15h14.47.954900 +0530,
12,0,12,down,1,0.5219762080014334,None,-5,12,0,12,0,30.47666187499999,,,,,,,,,,30.46859612499975,30.47666187499999,31.45959829200001,31.467771750001702,31.985169708001195,down,1,0.5219762080014334,None,-5,,,,,I-ODT,001,2026-09-08_15h14.47.920,OrientationDiscrimination,,2026.1.3,121.07789498818545,2026-09-08 15h14.47.954900 +0530,
13,0,13,down,1,0.6787152909964789,None,-4,13,0,13,0,31.99315504200058,,,,,,,,,,31.985241082998982,31.99315504200058,32.9847973750002,32.9847973750002,33.668104958000185,down,1,0.6787152909964789,None,-4,,,,,I-ODT,001,2026-09-08_15h14.47.920,OrientationDiscrimination,,2026.1.3,121.07789498818545,2026-09-08 15h14.47.954900 +0530,
14,0,14,down,1,0.8675639579960261,None,1,14,0,14,0,33.67654191699694,,,,,,,,,,33.6681702920032,33.67654191699694,34.65984924999793,34.668236833000265,35.535021124997,down,1,0.8675639579960261,None,1,,,,,I-ODT,001,2026-09-08_15h14.47.920,OrientationDiscrimination,,2026.1.3,121.07789498818545,2026-09-08 15h14.47.954900 +0530,
15,0,15,down,1,0.6444852090062341,None,-4,15,0,15,0,35.54285845800041,,,,,,,,,,35.53508933300327,35.54285845800041,36.525897250001435,36.534215041996504,37.17671883299772,down,1,0.6444852090062341,None,-4,,,,,I-ODT,001,2026-09-08_15h14.47.920,OrientationDiscrimination,,2026.1.3,121.07789498818545,2026-09-08 15h14.47.954900 +0530,
16,0,16,up,1,0.6532072090049041,None,0,16,0,16,0,37.18478004200006,,,,,,,,,,37.17678887499642,37.18478004200006,38.16808958299953,38.17647629199928,38.826670000002196,up,1,0.6532072090049041,None,0,,,,,I-ODT,001,2026-09-08_15h14.47.920,OrientationDiscrimination,,2026.1.3,121.07789498818545,2026-09-08 15h14.47.954900 +0530,
17,0,17,up,1,0.6131716669988236,None,0,17,0,17,0,38.83434520800074,,,,,,,,,,38.82673487500142,38.83434520800074,39.818069417000515,39.826447416999144,40.43501558299613,up,1,0.6131716669988236,None,0,,,,,I-ODT,001,2026-09-08_15h14.47.920,OrientationDiscrimination,,2026.1.3,121.07789498818545,2026-09-08 15h14.47.954900 +0530,
18,0,18,up,1,0.4044242079980904,None,0,18,0,18,0,40.443185832999006,,,,,,,,,,40.43507724999654,40.443185832999006,41.425781707999704,41.43407470799866,41.834174957999494,up,1,0.4044242079980904,None,0,,,,,I-ODT,001,2026-09-08_15h14.47.920,OrientationDiscrimination,,2026.1.3,121.07789498818545,2026-09-08 15h14.47.954900 +0530,
19,0,19,down,1,0.5587709169994923,None,-4,19,0,19,0,41.84248666700296,,,,,,,,,,41.83424708300299,41.84248666700296,42.82635854199907,42.834706417001144,43.39328241699695,down,1,0.5587709169994923,None,-4,,,,,I-ODT,001,2026-09-08_15h14.47.920,OrientationDiscrimination,,2026.1.3,121.07789498818545,2026-09-08 15h14.47.954900 +0530,
20,0,20,up,0,0.5396915839955909,None,1,20,0,20,0,43.401367457998276,,,,,,,,,,43.39335016699624,43.401367457998276,44.38440362500114,44.39301833300124,44.92665600000328,up,0,0.5396915839955909,None,1,,,,,I-ODT,001,2026-09-08_15h14.47.920,OrientationDiscrimination,,2026.1.3,121.07789498818545,2026-09-08 15h14.47.954900 +0530,
21,0,21,up,1,2.3872544999976526,None,0,21,0,21,0,44.93467275000148,,,,,,,,,,44.92671504199825,44.93467275000148,45.91771683299885,45.926300207996974,48.30974333299673,up,1,2.3872544999976526,None,0,,,,,I-ODT,001,2026-09-08_15h14.47.920,OrientationDiscrimination,,2026.1.3,121.07789498818545,2026-09-08 15h14.47.954900 +0530,
22,0,22,up,1,0.5696461249972344,None,0,22,0,22,0,48.31797412499873,,,,,,,,,,48.30981325000175,48.31797412499873,49.30124191699724,49.30963762500323,49.87670845800312,up,1,0.5696461249972344,None,0,,,,,I-ODT,001,2026-09-08_15h14.47.920,OrientationDiscrimination,,2026.1.3,121.07789498818545,2026-09-08 15h14.47.954900 +0530,
23,0,23,up,1,0.5898977910037502,None,0,23,0,23,0,49.88464404200204,,,,,,,,,,49.87677441699634,49.88464404200204,50.86793129199941,50.87632208300056,51.45953945800284,up,1,0.5898977910037502,None,0,,,,,I-ODT,001,2026-09-08_15h14.47.920,OrientationDiscrimination,,2026.1.3,121.07789498818545,2026-09-08 15h14.47.954900 +0530,
24,0,24,up,1,0.5236298750023707,None,0,24,0,24,0,51.46803324999928,,,,,,,,,,51.459599875001004,51.46803324999928,52.45125070799986,52.45950979200279,52.975891166999645,up,1,0.5236298750023707,None,0,,,,,I-ODT,001,2026-09-08_15h14.47.920,OrientationDiscrimination,,2026.1.3,121.07789498818545,2026-09-08 15h14.47.954900 +0530,
25,0,25,up,1,0.44795158399938373,None,0,25,0,25,0,52.98450604199752,,,,,,,,,,52.9759511250013,52.98450604199752,53.96775645799789,53.975881042002584,54.4180599579995,up,1,0.44795158399938373,None,0,,,,,I-ODT,001,2026-09-08_15h14.47.920,OrientationDiscrimination,,2026.1.3,121.07789498818545,2026-09-08 15h14.47.954900 +0530,
26,0,26,down,1,0.6844798329984769,None,2,26,0,26,0,54.426208249999036,,,,,,,,,,54.41813154199917,54.426208249999036,55.409200707996206,55.417907832998026,56.101053250000405,down,1,0.6844798329984769,None,2,,,,,I-ODT,001,2026-09-08_15h14.47.920,OrientationDiscrimination,,2026.1.3,121.07789498818545,2026-09-08 15h14.47.954900 +0530,
27,0,27,up,1,0.6648632500000531,None,0,27,0,27,0,56.10917199999676,,,,,,,,,,56.101116083002125,56.10917199999676,57.092738416999055,57.10113920799631,57.759459583001444,up,1,0.6648632500000531,None,0,,,,,I-ODT,001,2026-09-08_15h14.47.920,OrientationDiscrimination,,2026.1.3,121.07789498818545,2026-09-08 15h14.47.954900 +0530,
28,0,28,up,1,0.49739354199846275,None,0,28,0,28,0,57.767841832996055,,,,,,,,,,57.75951841699862,57.767841832996055,58.751140499996836,58.75939654200192,59.251353207997454,up,1,0.49739354199846275,None,0,,,,,I-ODT,001,2026-09-08_15h14.47.920,OrientationDiscrimination,,2026.1.3,121.07789498818545,2026-09-08 15h14.47.954900 +0530,
29,0,29,up,1,0.4939997920009773,None,0,29,0,29,0,59.2594856249998,,,,,,,,,,59.25141374999657,59.2594856249998,60.24249966700154,60.25089845799812,60.74295133299893,up,1,0.4939997920009773,None,0,,,,,I-ODT,001,2026-09-08_15h14.47.920,OrientationDiscrimination,,2026.1.3,121.07789498818545,2026-09-08 15h14.47.954900 +0530,
30,0,30,down,1,0.5720587499963585,None,3,30,0,30,0,60.75112070800242,,,,,,,,,,60.74302237499796,60.75112070800242,61.73438316700049,61.742793500001426,62.309657749996404,down,1,0.5720587499963585,None,3,,,,,I-ODT,001,2026-09-08_15h14.47.920,OrientationDiscrimination,,2026.1.3,121.07789498818545,2026-09-08 15h14.47.954900 +0530,
31,0,31,up,1,0.5114547920020414,None,0,31,0,31,0,62.317815082999005,,,,,,,,,,62.3097166669977,62.317815082999005,63.30092991700076,63.3093386670007,63.81793704199663,up,1,0.5114547920020414,None,0,,,,,I-ODT,001,2026-09-08_15h14.47.920,OrientationDiscrimination,,2026.1.3,121.07789498818545,2026-09-08 15h14.47.954900 +0530,
32,0,32,up,1,0.5249632919949363,None,0,32,0,32,0,63.82612820799841,,,,,,,,,,63.81799758299894,63.82612820799841,64.80937149999954,64.81776341699879,65.34267066699977,up,1,0.5249632919949363,None,0,,,,,I-ODT,001,2026-09-08_15h14.47.920,OrientationDiscrimination,,2026.1.3,121.07789498818545,2026-09-08 15h14.47.954900 +0530,
33,0,33,up,0,0.5588158329992439,None,1,33,0,33,0,65.35065166700224,,,,,,,,,,65.34273974999815,65.35065166700224,66.33441637500073,66.34263604199805,66.90099770799861,up,0,0.5588158329992439,None,1,,,,,I-ODT,001,2026-09-08_15h14.47.920,OrientationDiscrimination,,2026.1.3,121.07789498818545,2026-09-08 15h14.47.954900 +0530,
34,0,34,down,1,0.6727514160011197,None,-3,34,0,34,0,66.90898958299658,,,,,,,,,,66.90107449999778,66.90898958299658,67.8924480420028,67.900598041997,68.56794183299644,down,1,0.6727514160011197,None,-3,,,,,I-ODT,001,2026-09-08_15h14.47.920,OrientationDiscrimination,,2026.1.3,121.07789498818545,2026-09-08 15h14.47.954900 +0530,
35,0,35,up,1,0.48481012499541976,None,0,35,0,35,0,68.57605804200284,,,,,,,,,,68.56800274999841,68.57605804200284,69.5593274999992,69.56757108299644,70.05115187499905,up,1,0.48481012499541976,None,0,,,,,I-ODT,001,2026-09-08_15h14.47.920,OrientationDiscrimination,,2026.1.3,121.07789498818545,2026-09-08 15h14.47.954900 +0530,
36,0,36,up,1,0.4705242499985616,None,0,36,0,36,0,70.05929037500027,,,,,,,,,,70.05121279200102,70.05929037500027,71.04256737499963,71.05096904200036,71.51795329200104,up,1,0.4705242499985616,None,0,,,,,I-ODT,001,2026-09-08_15h14.47.920,OrientationDiscrimination,,2026.1.3,121.07789498818545,2026-09-08 15h14.47.954900 +0530,
37,0,37,up,1,0.43645275000017136,None,0,37,0,37,0,71.5256628749994,,,,,,,,,,71.51802320800198,71.5256628749994,72.50858708300075,72.5169335419996,72.95078058299987,up,1,0.43645275000017136,None,0,,,,,I-ODT,001,2026-09-08_15h14.47.920,OrientationDiscrimination,,2026.1.3,121.07789498818545,2026-09-08 15h14.47.954900 +0530,
38,0,38,down,1,0.6415191249980126,None,3,38,0,38,0,72.95892370799993,,,,,,,,,,72.95085395799833,72.95892370799993,73.94257454200124,73.95094295799936,74.58445141700213,down,1,0.6415191249980126,None,3,,,,,I-ODT,001,2026-09-08_15h14.47.920,OrientationDiscrimination,,2026.1.3,121.07789498818545,2026-09-08 15h14.47.954900 +0530,
39,0,39,up,1,0.4920087499995134,None,0,39,0,39,0,74.5926127499988,,,,,,,,,,74.58450966700184,74.5926127499988,75.57589658300276,75.58421112500218,76.0763683749974,up,1,0.4920087499995134,None,0,,,,,I-ODT,001,2026-09-08_15h14.47.920,OrientationDiscrimination,,2026.1.3,121.07789498818545,2026-09-08 15h14.47.954900 +0530,
40,0,40,down,1,0.44131641700369073,None,-5,40,0,40,0,76.08425883299788,,,,,,,,,,76.07643983299931,76.08425883299788,77.06755908299965,77.07546624999668,77.51767983299942,down,1,0.44131641700369073,None,-5,,,,,I-ODT,001,2026-09-08_15h14.47.920,OrientationDiscrimination,,2026.1.3,121.07789498818545,2026-09-08 15h14.47.954900 +0530,
41,0,41,up,0,0.5799648329993943,None,-2,41,0,41,0,77.52553458300099,,,,,,,,,,77.51774708300218,77.52553458300099,78.50884516700171,78.51715058300033,79.09252870800265,up,0,0.5799648329993943,None,-2,,,,,I-ODT,001,2026-09-08_15h14.47.920,OrientationDiscrimination,,2026.1.3,121.07789498818545,2026-09-08 15h14.47.954900 +0530,
42,0,42,up,1,0.49305645799904596,None,0,42,0,42,0,79.10043625000253,,,,,,,,,,79.09259225000278,79.10043625000253,80.08367895799893,80.09215229199617,80.58438349999778,up,1,0.49305645799904596,None,0,,,,,I-ODT,001,2026-09-08_15h14.47.920,OrientationDiscrimination,,2026.1.3,121.07789498818545,2026-09-08 15h14.47.954900 +0530,
43,0,43,up,1,0.528379417002725,None,0,43,0,43,0,80.59242591699876,,,,,,,,,,80.58444237500225,80.59242591699876,81.57531012500112,81.5834901249982,82.10932999999932,up,1,0.528379417002725,None,0,,,,,I-ODT,001,2026-09-08_15h14.47.920,OrientationDiscrimination,,2026.1.3,121.07789498818545,2026-09-08 15h14.47.954900 +0530,
44,0,44,down,1,0.5938731659989571,None,-3,44,0,44,0,82.11750666699663,,,,,,,,,,82.10939829199924,82.11750666699663,83.10074166699633,83.10913599999913,83.70101820799755,down,1,0.5938731659989571,None,-3,,,,,I-ODT,001,2026-09-08_15h14.47.920,OrientationDiscrimination,,2026.1.3,121.07789498818545,2026-09-08 15h14.47.954900 +0530,
45,0,45,down,1,0.838098334003007,None,4,45,0,45,0,83.70857504200103,,,,,,,,,,83.70108579200314,83.70857504200103,84.692468250003,84.70068345800246,85.53434670800198,down,1,0.838098334003007,None,4,,,,,I-ODT,001,2026-09-08_15h14.47.920,OrientationDiscrimination,,2026.1.3,121.07789498818545,2026-09-08 15h14.47.954900 +0530,
46,0,46,up,1,0.5570821660003276,None,0,46,0,46,0,85.54184612500103,,,,,,,,,,85.53440433299693,85.54184612500103,86.5256444580009,86.53407650000008,87.08421762500075,up,1,0.5570821660003276,None,0,,,,,I-ODT,001,2026-09-08_15h14.47.920,OrientationDiscrimination,,2026.1.3,121.07789498818545,2026-09-08 15h14.47.954900 +0530,
47,0,47,up,1,0.44695529200544115,None,0,47,0,47,0,87.09231416699913,,,,,,,,,,87.0842770829986,87.09231416699913,88.07550074999745,88.08365600000252,88.52578666699992,up,1,0.44695529200544115,None,0,,,,,I-ODT,001,2026-09-08_15h14.47.920,OrientationDiscrimination,,2026.1.3,121.07789498818545,2026-09-08 15h14.47.954900 +0530,
48,0,48,up,1,0.38217066600191174,None,0,48,0,48,0,88.53356504200201,,,,,,,,,,88.52585154199915,88.53356504200201,89.51733916700323,89.52572891699674,89.90064504199836,up,1,0.38217066600191174,None,0,,,,,I-ODT,001,2026-09-08_15h14.47.920,OrientationDiscrimination,,2026.1.3,121.07789498818545,2026-09-08 15h14.47.954900 +0530,
49,0,49,down,1,0.49906645900045987,None,-3,49,0,49,0,89.90868708299968,,,,,,,,,,89.90071529200213,89.90868708299968,90.89230716699967,90.90067345799616,91.39261874999647,down,1,0.49906645900045987,None,-3,,,,,I-ODT,001,2026-09-08_15h14.47.920,OrientationDiscrimination,,2026.1.3,121.07789498818545,2026-09-08 15h14.47.954900 +0530,
50,0,50,up,1,0.44271925000066403,None,0,50,0,50,0,91.40060841700324,,,,,,,,,,91.39267858299718,91.40060841700324,92.38357666700176,92.39201804200275,92.8335414999965,up,1,0.44271925000066403,None,0,,,,,I-ODT,001,2026-09-08_15h14.47.920,OrientationDiscrimination,,2026.1.3,121.07789498818545,2026-09-08 15h14.47.954900 +0530,
51,0,51,up,1,0.42658454200136475,None,0,51,0,51,0,92.84184420800011,,,,,,,,,,92.83360341699881,92.84184420800011,93.82563504199788,93.83388237500185,94.25916866699845,up,1,0.42658454200136475,None,0,,,,,I-ODT,001,2026-09-08_15h14.47.920,OrientationDiscrimination,,2026.1.3,121.07789498818545,2026-09-08 15h14.47.954900 +0530,
52,0,52,down,1,0.4895941249997122,None,-4,52,0,52,0,94.26695770800143,,,,,,,,,,94.25923791700188,94.26695770800143,95.25057970800117,95.25882179199834,95.74231887499627,down,1,0.4895941249997122,None,-4,,,,,I-ODT,001,2026-09-08_15h14.47.920,OrientationDiscrimination,,2026.1.3,121.07789498818545,2026-09-08 15h14.47.954900 +0530,
53,0,53,down,1,0.6392297080019489,None,-3,53,0,53,0,95.75019783299649,,,,,,,,,,95.74238275000243,95.75019783299649,96.7338377920023,96.74222366700269,97.37520091699844,down,1,0.6392297080019489,None,-3,,,,,I-ODT,001,2026-09-08_15h14.47.920,OrientationDiscrimination,,2026.1.3,121.07789498818545,2026-09-08 15h14.47.954900 +0530,
54,0,54,up,1,0.4160167919981177,None,0,54,0,54,0,97.38327204200323,,,,,,,,,,97.37526562499988,97.38327204200323,98.36718891700002,98.37560879199737,98.78369954200025,up,1,0.4160167919981177,None,0,,,,,I-ODT,001,2026-09-08_15h14.47.920,OrientationDiscrimination,,2026.1.3,121.07789498818545,2026-09-08 15h14.47.954900 +0530,
55,0,55,up,1,0.4044970420000027,None,0,55,0,55,0,98.79230270800326,,,,,,,,,,98.78376329199818,98.79230270800326,99.77551533299993,99.78377920800267,100.18397854200157,up,1,0.4044970420000027,None,0,,,,,I-ODT,001,2026-09-08_15h14.47.920,OrientationDiscrimination,,2026.1.3,121.07789498818545,2026-09-08 15h14.47.954900 +0530,
56,0,56,up,1,0.3766145420013345,None,0,56,0,56,0,100.19220983300329,,,,,,,,,,100.184041833003,100.19220983300329,101.17535212499934,101.18341891699674,101.5590716250008,up,1,0.3766145420013345,None,0,,,,,I-ODT,001,2026-09-08_15h14.47.920,OrientationDiscrimination,,2026.1.3,121.07789498818545,2026-09-08 15h14.47.954900 +0530,
57,0,57,down,1,0.4633411669929046,None,-3,57,0,57,0,101.56711445799738,,,,,,,,,,101.55914145799761,101.56711445799738,102.55056054199667,102.5584029169986,103.0173145000008,down,1,0.4633411669929046,None,-3,,,,,I-ODT,001,2026-09-08_15h14.47.920,OrientationDiscrimination,,2026.1.3,121.07789498818545,2026-09-08 15h14.47.954900 +0530,
58,0,58,down,0,0.5401271250011632,None,0,58,0,58,0,103.02547995799978,,,,,,,,,,103.01737137499731,103.02547995799978,104.00876625000092,104.01715158300067,104.55056658299873,down,0,0.5401271250011632,None,0,,,,,I-ODT,001,2026-09-08_15h14.47.920,OrientationDiscrimination,,2026.1.3,121.07789498818545,2026-09-08 15h14.47.954900 +0530,
59,0,59,down,1,0.4751420419997885,None,-4,59,0,59,0,104.55878058300004,,,,,,,,,,104.55063254199922,104.55878058300004,105.54174445800163,105.55016120799701,106.01727966700128,down,1,0.4751420419997885,None,-4,,,,,I-ODT,001,2026-09-08_15h14.47.920,OrientationDiscrimination,,2026.1.3,121.07789498818545,2026-09-08 15h14.47.954900 +0530,
60,0,60,down,1,0.5022543750019395,None,-2,60,0,60,0,106.02540104200307,,,,,,,,,,106.01734770800249,106.02540104200307,107.00847466699634,107.01682091700059,107.51727412499895,down,1,0.5022543750019395,None,-2,,,,,I-ODT,001,2026-09-08_15h14.47.920,OrientationDiscrimination,,2026.1.3,121.07789498818545,2026-09-08 15h14.47.954900 +0530,
61,0,61,down,1,0.5071587909988011,None,-2,61,0,61,0,107.52541558299708,,,,,,,,,,107.51734637499612,107.52541558299708,108.50869466699805,108.51711379199696,109.01725120800256,down,1,0.5071587909988011,None,-2,,,,,I-ODT,001,2026-09-08_15h14.47.920,OrientationDiscrimination,,2026.1.3,121.07789498818545,2026-09-08 15h14.47.954900 +0530,
62,0,62,down,1,0.499896458000876,None,-4,62,0,62,0,109.02543037499709,,,,,,,,,,109.01731891700183,109.02543037499709,110.00870479200239,110.01694791699992,110.5169644580019,down,1,0.499896458000876,None,-4,,,,,I-ODT,001,2026-09-08_15h14.47.920,OrientationDiscrimination,,2026.1.3,121.07789498818545,2026-09-08 15h14.47.954900 +0530,
63,0,63,up,1,0.44382387500081677,None,0,63,0,63,0,110.5249307080012,,,,,,,,,,110.5170242919994,110.5249307080012,111.50873745799618,111.51696554200316,111.95887945799768,up,1,0.44382387500081677,None,0,,,,,I-ODT,001,2026-09-08_15h14.47.920,OrientationDiscrimination,,2026.1.3,121.07789498818545,2026-09-08 15h14.47.954900 +0530,
64,0,64,up,1,0.4354558330014697,None,0,64,0,64,0,111.96702525,,,,,,,,,,111.95893724999769,111.96702525,112.95005187499919,112.95828474999871,113.3919059999971,up,1,0.4354558330014697,None,0,,,,,I-ODT,001,2026-09-08_15h14.47.920,OrientationDiscrimination,,2026.1.3,121.07789498818545,2026-09-08 15h14.47.954900 +0530,
65,0,65,up,0,0.3858432089982671,None,1,65,0,65,0,113.39992129200255,,,,,,,,,,113.39197129200329,113.39992129200255,114.38366795799811,114.3919307920005,114.77555612500146,up,0,0.3858432089982671,None,1,,,,,I-ODT,001,2026-09-08_15h14.47.920,OrientationDiscrimination,,2026.1.3,121.07789498818545,2026-09-08 15h14.47.954900 +0530,
66,0,66,up,1,0.4117267500041635,None,0,66,0,66,0,114.7830514169982,,,,,,,,,,114.77561420799611,114.7830514169982,115.76667983300285,115.77489445800165,116.18414391700207,up,1,0.4117267500041635,None,0,,,,,I-ODT,001,2026-09-08_15h14.47.920,OrientationDiscrimination,,2026.1.3,121.07789498818545,2026-09-08 15h14.47.954900 +0530,
67,0,67,up,0,0.3740334999965853,None,2,67,0,67,0,116.19190512500063,,,,,,,,,,116.184209250001,116.19190512500063,117.17533154199918,117.1835582499989,117.55002024999703,up,0,0.3740334999965853,None,2,,,,,I-ODT,001,2026-09-08_15h14.47.920,OrientationDiscrimination,,2026.1.3,121.07789498818545,2026-09-08 15h14.47.954900 +0530,
68,0,68,down,1,0.6926681670011021,None,2,68,0,68,0,117.55876012500084,,,,,,,,,,117.55008524999721,117.55876012500084,118.54157891700015,118.54996416700305,119.24173279199749,down,1,0.6926681670011021,None,2,,,,,I-ODT,001,2026-09-08_15h14.47.920,OrientationDiscrimination,,2026.1.3,121.07789498818545,2026-09-08 15h14.47.954900 +0530,
69,0,69,down,1,0.9420605829945998,None,2,69,0,69,0,119.24983700000303,,,,,,,,,,119.24180295800033,119.24983700000303,120.23316124999837,120.24158950000128,121.18375670800015,down,1,0.9420605829945998,None,2,,,,,I-ODT,001,2026-09-08_15h14.47.920,OrientationDiscrimination,,2026.1.3,121.07789498818545,2026-09-08 15h14.47.954900 +0530,
70,0,70,down,1,0.6174688750033965,None,-5,70,0,70,0,121.19157754199841,,,,,,,,,,121.18382399999973,121.19157754199841,122.1746601249979,122.18304024999816,122.80001487499976,down,1,0.6174688750033965,None,-5,,,,,I-ODT,001,2026-09-08_15h14.47.920,OrientationDiscrimination,,2026.1.3,121.07789498818545,2026-09-08 15h14.47.954900 +0530,
71,0,71,up,0,0.8234333329965011,None,2,71,0,71,0,122.80809874999977,,,,,,,,,,122.80007770800148,122.80809874999977,123.79183175000071,123.80015779200039,124.61702995799715,up,0,0.8234333329965011,None,2,,,,,I-ODT,001,2026-09-08_15h14.47.920,OrientationDiscrimination,,2026.1.3,121.07789498818545,2026-09-08 15h14.47.954900 +0530,
72,0,72,up,1,0.46495166700333357,None,0,72,0,72,0,124.62505204199988,,,,,,,,,,124.61708591700153,124.62505204199988,125.60805079199781,125.61647745800292,126.07468916699872,up,1,0.46495166700333357,None,0,,,,,I-ODT,001,2026-09-08_15h14.47.920,OrientationDiscrimination,,2026.1.3,121.07789498818545,2026-09-08 15h14.47.954900 +0530,
73,0,73,down,1,0.9881761249998817,None,-4,73,0,73,0,126.08256920799613,,,,,,,,,,126.07475670799613,126.08256920799613,127.06677054199827,127.07476937500178,128.05889220799872,down,1,0.9881761249998817,None,-4,,,,,I-ODT,001,2026-09-08_15h14.47.920,OrientationDiscrimination,,2026.1.3,121.07789498818545,2026-09-08 15h14.47.954900 +0530,
74,0,74,up,0,0.6177702920031152,None,1,74,0,74,0,128.06682162499783,,,,,,,,,,128.058969042002,128.06682162499783,129.05011916699732,129.058348999999,129.67525741700229,up,0,0.6177702920031152,None,1,,,,,I-ODT,001,2026-09-08_15h14.47.920,OrientationDiscrimination,,2026.1.3,121.07789498818545,2026-09-08 15h14.47.954900 +0530,
75,0,75,up,0,0.5921110839990433,None,1,75,0,75,0,129.68337795799744,,,,,,,,,,129.67532529200253,129.68337795799744,130.66669766700215,130.67507616699731,131.2669889999961,up,0,0.5921110839990433,None,1,,,,,I-ODT,001,2026-09-08_15h14.47.920,OrientationDiscrimination,,2026.1.3,121.07789498818545,2026-09-08 15h14.47.954900 +0530,
76,0,76,up,1,0.48560591699788347,None,0,76,0,76,0,131.27479641699756,,,,,,,,,,131.2670481669993,131.27479641699756,132.25815087500087,132.26630487499642,132.7502131250003,up,1,0.48560591699788347,None,0,,,,,I-ODT,001,2026-09-08_15h14.47.920,OrientationDiscrimination,,2026.1.3,121.07789498818545,2026-09-08 15h14.47.954900 +0530,
77,0,77,down,1,0.8192744170009973,None,2,77,0,77,0,132.75834987500275,,,,,,,,,,132.75028095799644,132.75834987500275,133.7416233749973,133.75003970800026,134.56696412499878,down,1,0.8192744170009973,None,2,,,,,I-ODT,001,2026-09-08_15h14.47.920,OrientationDiscrimination,,2026.1.3,121.07789498818545,2026-09-08 15h14.47.954900 +0530,
78,0,78,up,1,0.653709042002447,None,0,78,0,78,0,134.5747869580009,,,,,,,,,,134.5670226250004,134.5747869580009,135.55792841700168,135.5663739579977,136.2166021669982,up,1,0.653709042002447,None,0,,,,,I-ODT,001,2026-09-08_15h14.47.920,OrientationDiscrimination,,2026.1.3,121.07789498818545,2026-09-08 15h14.47.954900 +0530,
79,0,79,up,1,0.6188980410006479,None,0,79,0,79,0,136.2246550830023,,,,,,,,,,136.2166829170019,136.2246550830023,137.20803645799606,137.21630149999692,137.83358554200095,up,1,0.6188980410006479,None,0,,,,,I-ODT,001,2026-09-08_15h14.47.920,OrientationDiscrimination,,2026.1.3,121.07789498818545,2026-09-08 15h14.47.954900 +0530,
80,0,80,up,1,0.5327061670031981,None,0,80,0,80,0,137.84083304199885,,,,,,,,,,137.83365483299713,137.84083304199885,138.82495895800093,138.8332106250018,139.3583817079998,up,1,0.5327061670031981,None,0,,,,,I-ODT,001,2026-09-08_15h14.47.920,OrientationDiscrimination,,2026.1.3,121.07789498818545,2026-09-08 15h14.47.954900 +0530,
81,0,81,up,0,0.6046132080009556,None,-2,81,0,81,0,139.36658304199955,,,,,,,,,,139.35845704199892,139.36658304199955,140.3498507080003,140.3582440829996,140.95819066699914,up,0,0.6046132080009556,None,-2,,,,,I-ODT,001,2026-09-08_15h14.47.920,OrientationDiscrimination,,2026.1.3,121.07789498818545,2026-09-08 15h14.47.954900 +0530,
82,0,82,down,1,0.5674912500035134,None,4,82,0,82,0,140.96615345800092,,,,,,,,,,140.95826824999676,140.96615345800092,141.94988662499964,141.95821479200094,142.5250640000013,down,1,0.5674912500035134,None,4,,,,,I-ODT,001,2026-09-08_15h14.47.920,OrientationDiscrimination,,2026.1.3,121.07789498818545,2026-09-08 15h14.47.954900 +0530,
83,0,83,up,0,0.5718394580035238,None,1,83,0,83,0,142.5332299579968,,,,,,,,,,142.52513875000295,142.5332299579968,143.51651916700212,143.52496512499783,144.09178554199752,up,0,0.5718394580035238,None,1,,,,,I-ODT,001,2026-09-08_15h14.47.920,OrientationDiscrimination,,2026.1.3,121.07789498818545,2026-09-08 15h14.47.954900 +0530,
84,0,84,down,1,0.679156124999281,None,4,84,0,84,0,144.09989949999726,,,,,,,,,,144.09185720799724,144.09989949999726,145.08314045800216,145.09143941700313,145.76686116700148,down,1,0.679156124999281,None,4,,,,,I-ODT,001,2026-09-08_15h14.47.920,OrientationDiscrimination,,2026.1.3,121.07789498818545,2026-09-08 15h14.47.954900 +0530,
85,0,85,up,1,0.8264686670008814,None,0,85,0,85,0,145.77478666699608,,,,,,,,,,145.7669221249962,145.77478666699608,146.7577254170028,146.766216582997,147.59173975000158,up,1,0.8264686670008814,None,0,,,,,I-ODT,001,2026-09-08_15h14.47.920,OrientationDiscrimination,,2026.1.3,121.07789498818545,2026-09-08 15h14.47.954900 +0530,
86,0,86,up,1,0.5390940840006806,None,0,86,0,86,0,147.59975824999856,,,,,,,,,,147.59180037499755,147.59975824999856,148.58305995800038,148.5914104580006,149.12507812499825,up,1,0.5390940840006806,None,0,,,,,I-ODT,001,2026-09-08_15h14.47.920,OrientationDiscrimination,,2026.1.3,121.07789498818545,2026-09-08 15h14.47.954900 +0530,
87,0,87,down,1,0.562597125004686,None,-3,87,0,87,0,149.1330451670001,,,,,,,,,,149.12514954200014,149.1330451670001,150.11649362499884,150.12477941699763,150.68313016700267,down,1,0.562597125004686,None,-3,,,,,I-ODT,001,2026-09-08_15h14.47.920,OrientationDiscrimination,,2026.1.3,121.07789498818545,2026-09-08 15h14.47.954900 +0530,
88,0,88,up,1,0.7723905829989235,None,0,88,0,88,0,150.69140299999708,,,,,,,,,,150.68318854199606,150.69140299999708,151.6746328329973,151.68303316699894,152.44984549999936,up,1,0.7723905829989235,None,0,,,,,I-ODT,001,2026-09-08_15h14.47.920,OrientationDiscrimination,,2026.1.3,121.07789498818545,2026-09-08 15h14.47.954900 +0530,
89,0,89,up,1,0.558613040993805,None,0,89,0,89,0,152.45788475000154,,,,,,,,,,152.4499110830002,152.45788475000154,153.44133333300124,153.4497548750005,154.00786766700185,up,1,0.558613040993805,None,0,,,,,I-ODT,001,2026-09-08_15h14.47.920,OrientationDiscrimination,,2026.1.3,121.07789498818545,2026-09-08 15h14.47.954900 +0530,
90,0,90,up,1,0.45526300000346964,None,0,90,0,90,0,154.016088999997,,,,,,,,,,154.0079268749978,154.016088999997,154.99965158299892,155.0080326669995,155.45819350000238,up,1,0.45526300000346964,None,0,,,,,I-ODT,001,2026-09-08_15h14.47.920,OrientationDiscrimination,,2026.1.3,121.07789498818545,2026-09-08 15h14.47.954900 +0530,
91,0,91,up,1,0.44417695899755927,None,0,91,0,91,0,155.46633341699635,,,,,,,,,,155.45825183299894,155.46633341699635,156.44967716700194,156.45802620799805,156.89967170800082,up,1,0.44417695899755927,None,0,,,,,I-ODT,001,2026-09-08_15h14.47.920,OrientationDiscrimination,,2026.1.3,121.07789498818545,2026-09-08 15h14.47.954900 +0530,
92,0,92,down,1,0.4190706669978681,None,-4,92,0,92,0,156.90756516699912,,,,,,,,,,156.89975108300132,156.90756516699912,157.89073387499957,157.8990429580008,158.31654008299665,down,1,0.4190706669978681,None,-4,,,,,I-ODT,001,2026-09-08_15h14.47.920,OrientationDiscrimination,,2026.1.3,121.07789498818545,2026-09-08 15h14.47.954900 +0530,
93,0,93,up,1,0.6177844589983579,None,0,93,0,93,0,158.32432204199722,,,,,,,,,,158.31659845799732,158.32432204199722,159.30795316700096,159.31632612500107,159.93306462500186,up,1,0.6177844589983579,None,0,,,,,I-ODT,001,2026-09-08_15h14.47.920,OrientationDiscrimination,,2026.1.3,121.07789498818545,2026-09-08 15h14.47.954900 +0530,
94,0,94,down,1,0.7101374159974512,None,-4,94,0,94,0,159.94124395799736,,,,,,,,,,159.9331342919977,159.94124395799736,160.92452862500068,160.93292195800313,161.64117049999913,down,1,0.7101374159974512,None,-4,,,,,I-ODT,001,2026-09-08_15h14.47.920,OrientationDiscrimination,,2026.1.3,121.07789498818545,2026-09-08 15h14.47.954900 +0530,
95,0,95,down,1,0.6426093749978463,None,-4,95,0,95,0,161.64963924999756,,,,,,,,,,161.64124175000325,161.64963924999756,162.6329667500031,162.64054554200266,163.28312204199756,down,1,0.6426093749978463,None,-4,,,,,I-ODT,001,2026-09-08_15h14.47.920,OrientationDiscrimination,,2026.1.3,121.07789498818545,2026-09-08 15h14.47.954900 +0530,
96,0,96,down,1,0.5300003750016913,None,4,96,0,96,0,163.29095108299953,,,,,,,,,,163.28318770800252,163.29095108299953,164.2745567919992,164.28255708300276,164.8081840829982,down,1,0.5300003750016913,None,4,,,,,I-ODT,001,2026-09-08_15h14.47.920,OrientationDiscrimination,,2026.1.3,121.07789498818545,2026-09-08 15h14.47.954900 +0530,
97,0,97,up,1,0.523369582995656,None,0,97,0,97,0,164.81622683299793,,,,,,,,,,164.80824125000072,164.81622683299793,165.79912612499902,165.80763166699762,166.32457054199767,up,1,0.523369582995656,None,0,,,,,I-ODT,001,2026-09-08_15h14.47.920,OrientationDiscrimination,,2026.1.3,121.07789498818545,2026-09-08 15h14.47.954900 +0530,
98,0,98,down,1,0.6043295420022332,None,-3,98,0,98,0,166.33253129199875,,,,,,,,,,166.32463262500096,166.33253129199875,167.3161087499975,167.32452995800122,167.92485537500033,down,1,0.6043295420022332,None,-3,,,,,I-ODT,001,2026-09-08_15h14.47.920,OrientationDiscrimination,,2026.1.3,121.07789498818545,2026-09-08 15h14.47.954900 +0530,
99,0,99,up,1,0.5832211669985554,None,0,99,0,99,0,167.9327812499978,,,,,,,,,,167.9249130419994,167.9327812499978,168.9162139580003,168.92443379200267,169.499719792002,up,1,0.5832211669985554,None,0,,,,,I-ODT,001,2026-09-08_15h14.47.920,OrientationDiscrimination,,2026.1.3,121.07789498818545,2026-09-08 15h14.47.954900 +0530,
,,,,,,,,,,,,,,,,,,,,,,,,,,,,,,,,169.49975641699712,169.50780783299706,171.49945466699864,171.49108483299642,I-ODT,001,2026-09-08_15h14.47.920,OrientationDiscrimination,,2026.1.3,121.07789498818545,2026-09-08 15h14.47.954900 +0530,
