stair.thisTrialN,stair.stepSize,stair.intensity,thisRow.t,notes,piloting,Instruction.started,ins.started,ins_res.started,Instruction.stopped,ins_res.keys,ins_res.rt,ins_res.duration,trial.started,Fixation.started,grating.started,key_resp.started,Fixation.stopped,grating.stopped,trial.stopped,corrAns,tilt,key_resp.corr,stair.response,key_resp.rt,Thanks.started,text.started,text.stopped,Thanks.stopped,participant,session,date,expName,expVersion,psychopyVersion,frameRate,expStart,
,,,,,False,0.015910125002847053,0.03218808300152887,0.03218808300152887,14.379906542002573,space,14.305007625000144,None,,,,,,,,,,,,,,,,,w,001,2026-09-08_16h25.33.159,AdaptiveStaircase,,2026.1.3,60.139810143051186,2026-09-08 16h25.33.226451 +0530,
0,2,10,14.39696854200156,,,,,,,,,,14.380071375002444,14.39696854200156,14.880306541999744,14.880306541999744,14.897815500000434,15.181323625001824,15.420054082998831,left,-10,1,1,0.49298541699681664,,,,,w,001,2026-09-08_16h25.33.159,AdaptiveStaircase,,2026.1.3,60.139810143051186,2026-09-08 16h25.33.226451 +0530,
1,2,8,15.430339708000247,,,,,,,,,,15.42023099999642,15.430339708000247,15.931156999999075,15.931156999999075,15.931156999999075,16.231658666998555,16.31562516700069,right,8,1,1,0.37913529100478627,,,,,w,001,2026-09-08_16h25.33.159,AdaptiveStaircase,,2026.1.3,60.139810143051186,2026-09-08 16h25.33.226451 +0530,
2,2,6,16.331333207999705,,,,,,,,,,16.315949957999692,16.331333207999705,16.831041249999544,16.831041249999544,16.831041249999544,17.13131374999648,17.29131137499644,right,6,1,1,0.4369931249966612,,,,,w,001,2026-09-08_16h25.33.159,AdaptiveStaircase,,2026.1.3,60.139810143051186,2026-09-08 16h25.33.226451 +0530,
3,2,4,17.296937291997892,,,,,,,,,,17.291520124999806,17.296937291997892,17.79782441700081,17.79782441700081,17.79782441700081,18.097941250001895,18.235103749997506,left,-4,1,1,0.4182154580048518,,,,,w,001,2026-09-08_16h25.33.159,AdaptiveStaircase,,2026.1.3,60.139810143051186,2026-09-08 16h25.33.226451 +0530,
4,2,2,18.247048833000008,,,,,,,,,,18.23538841700065,18.247048833000008,18.74804070800019,18.74804070800019,18.74804070800019,19.04778058300144,19.168528875001357,right,2,1,1,0.4020479160026298,,,,,w,001,2026-09-08_16h25.33.159,AdaptiveStaircase,,2026.1.3,60.139810143051186,2026-09-08 16h25.33.226451 +0530,
5,1,1,19.1804082919989,,,,,,,,,,19.168801542000438,19.1804082919989,19.681248458000482,19.681248458000482,19.681248458000482,19.981437166999967,20.19943174999935,left,-1,0,0,0.5127906249981606,,,,,w,001,2026-09-08_16h25.33.159,AdaptiveStaircase,,2026.1.3,60.139810143051186,2026-09-08 16h25.33.226451 +0530,
6,1,2,20.213621082999452,,,,,,,,,,20.199773082997126,20.213621082999452,20.714618250000058,20.714618250000058,20.714618250000058,21.01455700000224,21.151958249996824,right,2,1,1,0.42438612400292186,,,,,w,001,2026-09-08_16h25.33.159,AdaptiveStaircase,,2026.1.3,60.139810143051186,2026-09-08 16h25.33.226451 +0530,
7,1,2,21.163810917001683,,,,,,,,,,21.152248917001998,21.163810917001683,21.66446183300286,21.66446183300286,21.66446183300286,21.96455920799781,22.116287167002156,left,-2,1,1,0.44347191599808866,,,,,w,001,2026-09-08_16h25.33.159,AdaptiveStaircase,,2026.1.3,60.139810143051186,2026-09-08 16h25.33.226451 +0530,
8,1,2,22.130236375000095,,,,,,,,,,22.11667295799998,22.130236375000095,22.631056457998056,22.631056457998056,22.631056457998056,22.931216291995952,23.084905249997973,left,-2,1,1,0.437887915999454,,,,,w,001,2026-09-08_16h25.33.159,AdaptiveStaircase,,2026.1.3,60.139810143051186,2026-09-08 16h25.33.226451 +0530,
9,1,1,23.096903625002597,,,,,,,,,,23.085210332996212,23.096903625002597,23.59790929200244,23.59790929200244,23.59790929200244,23.897864624996146,24.08549050000147,right,1,1,1,0.46688491600070847,,,,,w,001,2026-09-08_16h25.33.159,AdaptiveStaircase,,2026.1.3,60.139810143051186,2026-09-08 16h25.33.226451 +0530,
10,1,1,24.09682574999897,,,,,,,,,,24.085828458002652,24.09682574999897,24.5978266250022,24.5978266250022,24.5978266250022,24.89770870799839,25.01881704200059,right,1,1,1,0.40500629100279184,,,,,w,001,2026-09-08_16h25.33.159,AdaptiveStaircase,,2026.1.3,60.139810143051186,2026-09-08 16h25.33.226451 +0530,
11,1,1,25.030458624998573,,,,,,,,,,25.01908458300022,25.030458624998573,25.531058791995747,25.531058791995747,25.531058791995747,25.831191167002544,26.035937542001193,right,1,1,1,0.48896954100200674,,,,,w,001,2026-09-08_16h25.33.159,AdaptiveStaircase,,2026.1.3,60.139810143051186,2026-09-08 16h25.33.226451 +0530,
12,1,1,26.04668129199854,,,,,,,,,,26.036327249996248,26.04668129199854,26.547745916999702,26.547745916999702,26.547745916999702,26.847872624995944,27.099490332999267,left,-1,1,1,0.5499832080022315,,,,,w,001,2026-09-08_16h25.33.159,AdaptiveStaircase,,2026.1.3,60.139810143051186,2026-09-08 16h25.33.226451 +0530,
13,1,1,27.11751241699676,,,,,,,,,,27.099804666999262,27.11751241699676,27.614300791996357,27.614300791996357,27.631114208001236,27.91437975000008,27.985829707999073,right,1,1,1,0.3564864159998251,,,,,w,001,2026-09-08_16h25.33.159,AdaptiveStaircase,,2026.1.3,60.139810143051186,2026-09-08 16h25.33.226451 +0530,
14,1,1,27.99694695800281,,,,,,,,,,27.98612512499676,27.99694695800281,28.497685292000824,28.497685292000824,28.497685292000824,28.79779970800155,29.034806457995728,left,-1,1,1,0.5209664990034071,,,,,w,001,2026-09-08_16h25.33.159,AdaptiveStaircase,,2026.1.3,60.139810143051186,2026-09-08 16h25.33.226451 +0530,
15,1,1,29.047897832999297,,,,,,,,,,29.035103499998513,29.047897832999297,29.54782337499637,29.54782337499637,29.54782337499637,29.847741874997155,30.099226917001943,right,1,1,1,0.5440137500045239,,,,,w,001,2026-09-08_16h25.33.159,AdaptiveStaircase,,2026.1.3,60.139810143051186,2026-09-08 16h25.33.226451 +0530,
16,0.5,1,30.11447537499771,,,,,,,,,,30.099526250000054,30.11447537499771,30.614369167000405,30.614369167000405,30.614369167000405,30.914311166998232,31.119328667002264,left,-1,0,0,0.49129141599405557,,,,,w,001,2026-09-08_16h25.33.159,AdaptiveStaircase,,2026.1.3,60.139810143051186,2026-09-08 16h25.33.226451 +0530,
17,0.5,1.5,31.130282666999847,,,,,,,,,,31.119679082999937,31.130282666999847,31.63085333300114,31.63085333300114,31.63085333300114,31.93103512500238,32.199486625002464,left,-1.5,1,1,0.5637376239974401,,,,,w,001,2026-09-08_16h25.33.159,AdaptiveStaircase,,2026.1.3,60.139810143051186,2026-09-08 16h25.33.226451 +0530,
18,0.5,1.5,32.213626249998924,,,,,,,,,,32.19987625000067,32.213626249998924,32.714301041996805,32.714301041996805,32.714301041996805,33.01418854200165,33.31588141700195,left,-1.5,1,1,0.593383207997249,,,,,w,001,2026-09-08_16h25.33.159,AdaptiveStaircase,,2026.1.3,60.139810143051186,2026-09-08 16h25.33.226451 +0530,
19,0.5,1.5,33.330061874999956,,,,,,,,,,33.31623212499835,33.330061874999956,33.83075029199972,33.83075029199972,33.83075029199972,34.13100954199763,34.31836420799664,left,-1.5,1,1,0.46967662499810103,,,,,w,001,2026-09-08_16h25.33.159,AdaptiveStaircase,,2026.1.3,60.139810143051186,2026-09-08 16h25.33.226451 +0530,
20,0.5,1.0,34.329819582999335,,,,,,,,,,34.31865787500283,34.329819582999335,34.83096937499795,34.83096937499795,34.83096937499795,35.13095337500272,35.2828785419988,left,-1.0,1,1,0.44652449999557575,,,,,w,001,2026-09-08_16h25.33.159,AdaptiveStaircase,,2026.1.3,60.139810143051186,2026-09-08 16h25.33.226451 +0530,
21,0.5,1.0,35.29660049999802,,,,,,,,,,35.28327691699815,35.29660049999802,35.797646833001636,35.797646833001636,35.797646833001636,36.097595499995805,36.28448337499867,left,-1.0,1,1,0.47373366599640576,,,,,w,001,2026-09-08_16h25.33.159,AdaptiveStaircase,,2026.1.3,60.139810143051186,2026-09-08 16h25.33.226451 +0530,
22,0.5,1.0,36.2976196669988,,,,,,,,,,36.28474062500027,36.2976196669988,36.79773600000044,36.79773600000044,36.79773600000044,37.09763312499854,37.367912499998056,right,1.0,0,0,0.5517438750030124,,,,,w,001,2026-09-08_16h25.33.159,AdaptiveStaircase,,2026.1.3,60.139810143051186,2026-09-08 16h25.33.226451 +0530,
23,0.5,1.5,37.379923874999804,,,,,,,,,,37.36821195799712,37.379923874999804,37.88095458300086,37.88095458300086,37.88095458300086,38.18084912499762,38.46603266699822,right,1.5,0,0,0.5783799999990151,,,,,w,001,2026-09-08_16h25.33.159,AdaptiveStaircase,,2026.1.3,60.139810143051186,2026-09-08 16h25.33.226451 +0530,
24,0.5,2.0,38.47993066700292,,,,,,,,,,38.466350791997684,38.47993066700292,38.9809470830005,38.9809470830005,38.9809470830005,39.28082604199881,39.46840941700066,right,2.0,0,0,0.474380707993987,,,,,w,001,2026-09-08_16h25.33.159,AdaptiveStaircase,,2026.1.3,60.139810143051186,2026-09-08 16h25.33.226451 +0530,
25,0.5,2.5,39.48005116699642,,,,,,,,,,39.4687017920005,39.48005116699642,39.98101595800108,39.98101595800108,39.98101595800108,40.28096550000191,40.55135679199884,right,2.5,0,0,0.5563116240009549,,,,,w,001,2026-09-08_16h25.33.159,AdaptiveStaircase,,2026.1.3,60.139810143051186,2026-09-08 16h25.33.226451 +0530,
26,0.5,3.0,40.56322674999683,,,,,,,,,,40.5516446670008,40.56322674999683,41.064229791998514,41.064229791998514,41.064229791998514,41.3641540000026,41.53264250000211,left,-3.0,1,1,0.4601586659991881,,,,,w,001,2026-09-08_16h25.33.159,AdaptiveStaircase,,2026.1.3,60.139810143051186,2026-09-08 16h25.33.226451 +0530,
27,0.5,3.0,41.54644479200215,,,,,,,,,,41.53298845799873,41.54644479200215,42.047482707996096,42.047482707996096,42.047482707996096,42.34762004199729,42.46580845800054,left,-3.0,1,1,0.41012116599449655,,,,,w,001,2026-09-08_16h25.33.159,AdaptiveStaircase,,2026.1.3,60.139810143051186,2026-09-08 16h25.33.226451 +0530,
28,0.5,3.0,42.479911041999,,,,,,,,,,42.46619112500048,42.479911041999,42.98090124999726,42.98090124999726,42.98090124999726,43.28083845799847,43.55135404199973,right,3.0,1,1,0.5551988749939483,,,,,w,001,2026-09-08_16h25.33.159,AdaptiveStaircase,,2026.1.3,60.139810143051186,2026-09-08 16h25.33.226451 +0530,
29,0.5,2.5,43.563312917001895,,,,,,,,,,43.55163229200116,43.563312917001895,44.06409658300254,44.06409658300254,44.06409658300254,44.36422641699755,44.44895416699728,right,2.5,1,1,0.3820042500010459,,,,,w,001,2026-09-08_16h25.33.159,AdaptiveStaircase,,2026.1.3,60.139810143051186,2026-09-08 16h25.33.226451 +0530,
30,0.5,2.5,44.46416041700286,,,,,,,,,,44.44931012499728,44.46416041700286,44.96407508300035,44.96407508300035,44.96407508300035,45.26419545799581,45.46748012500029,right,2.5,1,1,0.4851813750065048,,,,,w,001,2026-09-08_16h25.33.159,AdaptiveStaircase,,2026.1.3,60.139810143051186,2026-09-08 16h25.33.226451 +0530,
31,0.5,2.5,45.48082974999852,,,,,,,,,,45.467803749997984,45.48082974999852,45.98078683300264,45.98078683300264,45.98078683300264,46.28070750000188,46.46600987500278,left,-2.5,1,1,0.4832527079997817,,,,,w,001,2026-09-08_16h25.33.159,AdaptiveStaircase,,2026.1.3,60.139810143051186,2026-09-08 16h25.33.226451 +0530,
32,0.5,2.0,46.48342520799633,,,,,,,,,,46.46642470799998,46.48342520799633,46.98085991699918,46.98085991699918,46.99749320800038,47.28080004199728,47.5018805419968,right,2.0,0,0,0.5071151250012917,,,,,w,001,2026-09-08_16h25.33.159,AdaptiveStaircase,,2026.1.3,60.139810143051186,2026-09-08 16h25.33.226451 +0530,
33,0.5,2.5,47.51311741700192,,,,,,,,,,47.502216458000476,47.51311741700192,48.01400012499653,48.01400012499653,48.01400012499653,48.31410699999833,48.500930125002924,left,-2.5,1,1,0.4751004580029985,,,,,w,001,2026-09-08_16h25.33.159,AdaptiveStaircase,,2026.1.3,60.139810143051186,2026-09-08 16h25.33.226451 +0530,
34,0.5,2.5,48.514158332996885,,,,,,,,,,48.501196999997774,48.514158332996885,49.014067457996134,49.014067457996134,49.014067457996134,49.31402516699745,49.43351537499984,right,2.5,0,0,0.4000859580046381,,,,,w,001,2026-09-08_16h25.33.159,AdaptiveStaircase,,2026.1.3,60.139810143051186,2026-09-08 16h25.33.226451 +0530,
35,0.5,3.0,49.44736995799758,,,,,,,,,,49.43382225000096,49.44736995799758,49.94730266700208,49.94730266700208,49.94730266700208,50.24743533299625,50.36519474999659,left,-3.0,1,1,0.41470166700310074,,,,,w,001,2026-09-08_16h25.33.159,AdaptiveStaircase,,2026.1.3,60.139810143051186,2026-09-08 16h25.33.226451 +0530,
36,0.5,3.0,50.38053037499776,,,,,,,,,,50.36549683300109,50.38053037499776,50.88071591700282,50.88071591700282,50.88071591700282,51.18085691700253,51.45131720799691,left,-3.0,1,1,0.5532117080001626,,,,,w,001,2026-09-08_16h25.33.159,AdaptiveStaircase,,2026.1.3,60.139810143051186,2026-09-08 16h25.33.226451 +0530,
37,0.5,3.0,51.46306312499655,,,,,,,,,,51.45161179199931,51.46306312499655,51.96389729200018,51.96389729200018,51.96389729200018,52.26405037500081,52.40187729200261,left,-3.0,1,1,0.4189948330022162,,,,,w,001,2026-09-08_16h25.33.159,AdaptiveStaircase,,2026.1.3,60.139810143051186,2026-09-08 16h25.33.226451 +0530,
38,0.5,2.5,52.412968582997564,,,,,,,,,,52.402148000001034,52.412968582997564,52.91395804200147,52.91395804200147,52.91395804200147,53.21402733300056,53.281869624996034,left,-2.5,1,1,0.3620174579991726,,,,,w,001,2026-09-08_16h25.33.159,AdaptiveStaircase,,2026.1.3,60.139810143051186,2026-09-08 16h25.33.226451 +0530,
39,0.5,2.5,53.29737891699915,,,,,,,,,,53.282167416997254,53.29737891699915,53.79729399999633,53.79729399999633,53.79729399999633,54.09720537500107,54.21526187499694,left,-2.5,1,1,0.4155109999992419,,,,,w,001,2026-09-08_16h25.33.159,AdaptiveStaircase,,2026.1.3,60.139810143051186,2026-09-08 16h25.33.226451 +0530,
40,0.5,2.5,54.23053662500024,,,,,,,,,,54.215584416997444,54.23053662500024,54.73070749999897,54.73070749999897,54.73070749999897,55.030643166996015,55.2513637919983,right,2.5,1,1,0.5040500420000171,,,,,w,001,2026-09-08_16h25.33.159,AdaptiveStaircase,,2026.1.3,60.139810143051186,2026-09-08 16h25.33.226451 +0530,
41,0.5,2.0,55.26286912499927,,,,,,,,,,55.251643625000725,55.26286912499927,55.7640390000015,55.7640390000015,55.7640390000015,56.06396166700142,56.200942582996504,left,-2.0,1,1,0.4236563329977798,,,,,w,001,2026-09-08_16h25.33.159,AdaptiveStaircase,,2026.1.3,60.139810143051186,2026-09-08 16h25.33.226451 +0530,
42,0.5,2.0,56.21396954199736,,,,,,,,,,56.20121270800155,56.21396954199736,56.71391883299657,56.71391883299657,56.71391883299657,57.0140219169989,57.148623499997484,left,-2.0,1,1,0.4299106659964309,,,,,w,001,2026-09-08_16h25.33.159,AdaptiveStaircase,,2026.1.3,60.139810143051186,2026-09-08 16h25.33.226451 +0530,
43,0.5,2.0,57.16419483299978,,,,,,,,,,57.14892191699619,57.16419483299978,57.66393083299772,57.66393083299772,57.66393083299772,57.96386324999912,58.215661542002636,right,2.0,1,1,0.5458816659956938,,,,,w,001,2026-09-08_16h25.33.159,AdaptiveStaircase,,2026.1.3,60.139810143051186,2026-09-08 16h25.33.226451 +0530,
44,0.5,1.5,58.22964441699878,,,,,,,,,,58.21603070799756,58.22964441699878,58.730493791998015,58.730493791998015,58.730493791998015,59.0306215419987,59.19890537500032,left,-1.5,1,1,0.46308666600089055,,,,,w,001,2026-09-08_16h25.33.159,AdaptiveStaircase,,2026.1.3,60.139810143051186,2026-09-08 16h25.33.226451 +0530,
45,0.5,1.5,59.21290729199973,,,,,,,,,,59.1993022500028,59.21290729199973,59.71397091700055,59.71397091700055,59.71397091700055,60.013889499998186,60.1180529580015,right,1.5,1,1,0.3886522489992785,,,,,w,001,2026-09-08_16h25.33.159,AdaptiveStaircase,,2026.1.3,60.139810143051186,2026-09-08 16h25.33.226451 +0530,
46,0.5,1.5,60.12957929199911,,,,,,,,,,60.118380708001496,60.12957929199911,60.63057445800223,60.63057445800223,60.63057445800223,60.93048850000196,61.05165049999778,right,1.5,1,1,0.40389691600285005,,,,,w,001,2026-09-08_16h25.33.159,AdaptiveStaircase,,2026.1.3,60.139810143051186,2026-09-08 16h25.33.226451 +0530,
47,0.5,1.0,61.062958292000985,,,,,,,,,,61.05196962499758,61.062958292000985,61.56380112499755,61.56380112499755,61.56380112499755,61.86479979199794,62.03235537499859,right,1.0,1,1,0.4657336660020519,,,,,w,001,2026-09-08_16h25.33.159,AdaptiveStaircase,,2026.1.3,60.139810143051186,2026-09-08 16h25.33.226451 +0530,
48,0.5,1.0,62.04622458299855,,,,,,,,,,62.03276583299885,62.04622458299855,62.54725004200009,62.54725004200009,62.54725004200009,62.84718045799673,63.05071729199699,left,-1.0,1,1,0.4861509160036803,,,,,w,001,2026-09-08_16h25.33.159,AdaptiveStaircase,,2026.1.3,60.139810143051186,2026-09-08 16h25.33.226451 +0530,
49,0.5,1.0,63.063815957997576,,,,,,,,,,63.05095650000294,63.063815957997576,63.56376874999842,63.56376874999842,63.56376874999842,63.86369304199616,63.99901074999798,left,-1.0,1,1,0.42982554100308334,,,,,w,001,2026-09-08_16h25.33.159,AdaptiveStaircase,,2026.1.3,60.139810143051186,2026-09-08 16h25.33.226451 +0530,
50,0.5,1,64.01283816700015,,,,,,,,,,63.99940025000251,64.01283816700015,64.51384508299816,64.51384508299816,64.51384508299816,64.81370612500177,65.08219675000146,right,1,1,1,0.5624975829996401,,,,,w,001,2026-09-08_16h25.33.159,AdaptiveStaircase,,2026.1.3,60.139810143051186,2026-09-08 16h25.33.226451 +0530,
51,0.5,1,65.09612804200151,,,,,,,,,,65.08254079199833,65.09612804200151,65.59698675000254,65.59698675000254,65.59698675000254,65.8971200829983,66.03487899999891,left,-1,1,1,0.422388040999067,,,,,w,001,2026-09-08_16h25.33.159,AdaptiveStaircase,,2026.1.3,60.139810143051186,2026-09-08 16h25.33.226451 +0530,
52,0.5,1,66.04639654199855,,,,,,,,,,66.03523079199658,66.04639654199855,66.54719566700078,66.54719566700078,66.54719566700078,66.84712070800015,66.98218429199915,right,1,0,0,0.4290865000002668,,,,,w,001,2026-09-08_16h25.33.159,AdaptiveStaircase,,2026.1.3,60.139810143051186,2026-09-08 16h25.33.226451 +0530,
53,0.5,1.5,66.99631916699582,,,,,,,,,,66.98258083299879,66.99631916699582,67.49706758299726,67.49706758299726,67.49706758299726,67.79719916699833,67.91532683299738,left,-1.5,1,1,0.41432254100072896,,,,,w,001,2026-09-08_16h25.33.159,AdaptiveStaircase,,2026.1.3,60.139810143051186,2026-09-08 16h25.33.226451 +0530,
54,0.5,1.5,67.92941283300024,,,,,,,,,,67.91569699999673,67.92941283300024,68.43045645800157,68.43045645800157,68.43045645800157,68.73040824999771,68.83186083300097,left,-1.5,1,1,0.3978257909984677,,,,,w,001,2026-09-08_16h25.33.159,AdaptiveStaircase,,2026.1.3,60.139810143051186,2026-09-08 16h25.33.226451 +0530,
55,0.5,1.5,68.84715416700055,,,,,,,,,,68.83221899999626,68.84715416700055,69.34705799999938,69.34705799999938,69.34705799999938,69.64701666699693,69.85145941699739,right,1.5,1,1,0.49334341699432116,,,,,w,001,2026-09-08_16h25.33.159,AdaptiveStaircase,,2026.1.3,60.139810143051186,2026-09-08 16h25.33.226451 +0530,
56,0.5,1.0,69.86277783299738,,,,,,,,,,69.85178133299632,69.86277783299738,70.36378245800006,70.36378245800006,70.36378245800006,70.66372487499757,70.83454870800051,left,-1.0,0,0,0.4514901660004398,,,,,w,001,2026-09-08_16h25.33.159,AdaptiveStaircase,,2026.1.3,60.139810143051186,2026-09-08 16h25.33.226451 +0530,
57,0.5,1.5,70.8460202080023,,,,,,,,,,70.83491320799658,70.8460202080023,71.3468476670023,71.3468476670023,71.3468476670023,71.64699320799991,72.01701583300019,left,-1.5,1,1,0.6582290829974227,,,,,w,001,2026-09-08_16h25.33.159,AdaptiveStaircase,,2026.1.3,60.139810143051186,2026-09-08 16h25.33.226451 +0530,
58,0.5,1.5,72.02999304200057,,,,,,,,,,72.01730920800037,72.02999304200057,72.53031512499729,72.53031512499729,72.53031512499729,72.8302898749971,73.08188604199677,right,1.5,1,1,0.5477797079947777,,,,,w,001,2026-09-08_16h25.33.159,AdaptiveStaircase,,2026.1.3,60.139810143051186,2026-09-08 16h25.33.226451 +0530,
59,0.5,1.5,73.09606708300271,,,,,,,,,,73.08227408299717,73.09606708300271,73.59694520800258,73.59694520800258,73.59694520800258,73.89684641699569,74.04828787499719,right,1.5,1,1,0.44629437399999006,,,,,w,001,2026-09-08_16h25.33.159,AdaptiveStaircase,,2026.1.3,60.139810143051186,2026-09-08 16h25.33.226451 +0530,
60,0.5,1.0,74.06363466699986,,,,,,,,,,74.04860395799915,74.06363466699986,74.56357250000292,74.56357250000292,74.56357250000292,74.86349291700026,75.06688066700008,right,1.0,1,1,0.485521417002019,,,,,w,001,2026-09-08_16h25.33.159,AdaptiveStaircase,,2026.1.3,60.139810143051186,2026-09-08 16h25.33.226451 +0530,
61,0.5,1.0,75.0799018329999,,,,,,,,,,75.06712712499575,75.0799018329999,75.58030175000022,75.58030175000022,75.58030175000022,75.88022741700115,76.13215479200153,left,-1.0,1,1,0.549733040999854,,,,,w,001,2026-09-08_16h25.33.159,AdaptiveStaircase,,2026.1.3,60.139810143051186,2026-09-08 16h25.33.226451 +0530,
62,0.5,1.0,76.14964012499695,,,,,,,,,,76.13254779199633,76.14964012499695,76.64687199999753,76.64687199999753,76.6636548749957,76.94679358299618,77.16536791699764,right,1.0,1,1,0.5102765420015203,,,,,w,001,2026-09-08_16h25.33.159,AdaptiveStaircase,,2026.1.3,60.139810143051186,2026-09-08 16h25.33.226451 +0530,
63,0.5,1,77.17933833300049,,,,,,,,,,77.1657599579994,77.17933833300049,77.68036462499731,77.68036462499731,77.68036462499731,77.9800982500019,78.16768579200289,right,1,1,1,0.4696109159995103,,,,,w,001,2026-09-08_16h25.33.159,AdaptiveStaircase,,2026.1.3,60.139810143051186,2026-09-08 16h25.33.226451 +0530,
64,0.5,1,78.1793074169982,,,,,,,,,,78.1680483329983,78.1793074169982,78.68027179199998,78.68027179199998,78.68027179199998,78.98023649999959,79.09873849999713,right,1,1,1,0.4145610419946024,,,,,w,001,2026-09-08_16h25.33.159,AdaptiveStaircase,,2026.1.3,60.139810143051186,2026-09-08 16h25.33.226451 +0530,
65,0.5,1,79.11263141699601,,,,,,,,,,79.09913470799802,79.11263141699601,79.61349320800218,79.61349320800218,79.61349320800218,79.9134080829972,80.03435991700098,left,-1,0,0,0.4013219160042354,,,,,w,001,2026-09-08_16h25.33.159,AdaptiveStaircase,,2026.1.3,60.139810143051186,2026-09-08 16h25.33.226451 +0530,
66,0.5,1.5,80.0458694580011,,,,,,,,,,80.03466187499725,80.0458694580011,80.54690729200229,80.54690729200229,80.54690729200229,80.8468237920024,81.08152083300229,right,1.5,0,0,0.5288999990007142,,,,,w,001,2026-09-08_16h25.33.159,AdaptiveStaircase,,2026.1.3,60.139810143051186,2026-09-08 16h25.33.226451 +0530,
67,0.5,2.0,81.09694620800292,,,,,,,,,,81.08185933299683,81.09694620800292,81.59686250000232,81.59686250000232,81.59686250000232,81.89678079199803,82.3178605419962,right,2.0,1,1,0.7080320410022978,,,,,w,001,2026-09-08_16h25.33.159,AdaptiveStaircase,,2026.1.3,60.139810143051186,2026-09-08 16h25.33.226451 +0530,
68,0.5,2.0,82.3294042080015,,,,,,,,,,82.31820695799979,82.3294042080015,82.83021212500171,82.83021212500171,82.83021212500171,83.13013037500059,83.24809866699798,right,2.0,1,1,0.41353679199528415,,,,,w,001,2026-09-08_16h25.33.159,AdaptiveStaircase,,2026.1.3,60.139810143051186,2026-09-08 16h25.33.226451 +0530,
69,0.5,2.0,83.26347633299883,,,,,,,,,,83.24839174999943,83.26347633299883,83.7634534999961,83.7634534999961,83.7634534999961,84.0633470419998,84.20099124999979,left,-2.0,1,1,0.4192052500002319,,,,,w,001,2026-09-08_16h25.33.159,AdaptiveStaircase,,2026.1.3,60.139810143051186,2026-09-08 16h25.33.226451 +0530,
70,0.5,1.5,84.21249079200061,,,,,,,,,,84.2012626249998,84.21249079200061,84.7134944999998,84.7134944999998,84.7134944999998,85.01356954199582,85.21531483299623,left,-1.5,1,1,0.49512899999535875,,,,,w,001,2026-09-08_16h25.33.159,AdaptiveStaircase,,2026.1.3,60.139810143051186,2026-09-08 16h25.33.226451 +0530,
71,0.5,1.5,85.22933758299769,,,,,,,,,,85.21569195800112,85.22933758299769,85.72992474999774,85.72992474999774,85.72992474999774,86.03009929200198,86.23383579200163,left,-1.5,1,1,0.48476400000072317,,,,,w,001,2026-09-08_16h25.33.159,AdaptiveStaircase,,2026.1.3,60.139810143051186,2026-09-08 16h25.33.226451 +0530,
72,0.5,1.5,86.24606116699579,,,,,,,,,,86.23413212499872,86.24606116699579,86.74670620799589,86.74670620799589,86.74670620799589,87.04681658300251,87.31722541699855,right,1.5,1,1,0.5579545829968993,,,,,w,001,2026-09-08_16h25.33.159,AdaptiveStaircase,,2026.1.3,60.139810143051186,2026-09-08 16h25.33.226451 +0530,
73,0.5,1.0,87.33012966699607,,,,,,,,,,87.31752683300147,87.33012966699607,87.83007650000218,87.83007650000218,87.83007650000218,88.13017324999964,88.61520170800213,left,-1.0,1,1,0.7786535000050208,,,,,w,001,2026-09-08_16h25.33.159,AdaptiveStaircase,,2026.1.3,60.139810143051186,2026-09-08 16h25.33.226451 +0530,
74,0.5,1.0,88.6292542500014,,,,,,,,,,88.61558808299742,88.6292542500014,89.1300553330002,89.1300553330002,89.1300553330002,89.43001220800215,89.58185999999841,left,-1.0,1,1,0.44564195800194284,,,,,w,001,2026-09-08_16h25.33.159,AdaptiveStaircase,,2026.1.3,60.139810143051186,2026-09-08 16h25.33.226451 +0530,
75,0.5,1.0,89.59572958300123,,,,,,,,,,89.58227920799982,89.59572958300123,90.09692304200144,90.09692304200144,90.09692304200144,90.39667924999958,90.70125904199813,right,1.0,1,1,0.5885888330012676,,,,,w,001,2026-09-08_16h25.33.159,AdaptiveStaircase,,2026.1.3,60.139810143051186,2026-09-08 16h25.33.226451 +0530,
76,0.5,1,90.71240045799641,,,,,,,,,,90.70158458300284,90.71240045799641,91.21363425000163,91.21363425000163,91.21363425000163,91.51358441699995,91.64881887500087,right,1,1,1,0.43276350000087405,,,,,w,001,2026-09-08_16h25.33.159,AdaptiveStaircase,,2026.1.3,60.139810143051186,2026-09-08 16h25.33.226451 +0530,
77,0.5,1,91.6624132500001,,,,,,,,,,91.64921979200153,91.6624132500001,92.1634859170008,92.1634859170008,92.1634859170008,92.46361479200277,92.83207250000123,left,-1,1,1,0.6659952920017531,,,,,w,001,2026-09-08_16h25.33.159,AdaptiveStaircase,,2026.1.3,60.139810143051186,2026-09-08 16h25.33.226451 +0530,
78,0.5,1,92.84572345799825,,,,,,,,,,92.83249154200166,92.84572345799825,93.34663924999768,93.34663924999768,93.34663924999768,93.64689391700085,93.88429808300134,right,1,1,1,0.5207440830054111,,,,,w,001,2026-09-08_16h25.33.159,AdaptiveStaircase,,2026.1.3,60.139810143051186,2026-09-08 16h25.33.226451 +0530,
79,0.5,1,93.89568983299978,,,,,,,,,,93.88460262499575,93.89568983299978,94.39691270799813,94.39691270799813,94.39691270799813,94.69687754200277,95.08452316700277,right,1,1,1,0.6734641660004854,,,,,w,001,2026-09-08_16h25.33.159,AdaptiveStaircase,,2026.1.3,60.139810143051186,2026-09-08 16h25.33.226451 +0530,
80,0.5,1,95.09575491699798,,,,,,,,,,95.08479962500132,95.09575491699798,95.59676529200078,95.59676529200078,95.59676529200078,95.89666654200119,96.06527983299748,right,1,1,1,0.46261216700077057,,,,,w,001,2026-09-08_16h25.33.159,AdaptiveStaircase,,2026.1.3,60.139810143051186,2026-09-08 16h25.33.226451 +0530,
81,0.5,1,96.07898645800014,,,,,,,,,,96.06567650000216,96.07898645800014,96.58000004199857,96.58000004199857,96.58000004199857,96.87997445800283,97.06510004199663,right,1,1,1,0.4812816669946187,,,,,w,001,2026-09-08_16h25.33.159,AdaptiveStaircase,,2026.1.3,60.139810143051186,2026-09-08 16h25.33.226451 +0530,
82,0.5,1,97.0789272080001,,,,,,,,,,97.06551049999689,97.0789272080001,97.57992479200038,97.57992479200038,97.57992479200038,97.87985870800185,98.201020374996,left,-1,1,1,0.6003011659995536,,,,,w,001,2026-09-08_16h25.33.159,AdaptiveStaircase,,2026.1.3,60.139810143051186,2026-09-08 16h25.33.226451 +0530,
83,0.5,1,98.2121643749997,,,,,,,,,,98.20131825000135,98.2121643749997,98.71315708300244,98.71315708300244,98.71315708300244,99.01306837499578,99.3005326249986,right,1,0,0,0.5729596660021343,,,,,w,001,2026-09-08_16h25.33.159,AdaptiveStaircase,,2026.1.3,60.139810143051186,2026-09-08 16h25.33.226451 +0530,
84,0.5,1.5,99.3125168330007,,,,,,,,,,99.30083937499876,99.3125168330007,99.81317383299756,99.81317383299756,99.81317383299756,100.11328262499592,100.35070858299878,left,-1.5,1,1,0.5190298329980578,,,,,w,001,2026-09-08_16h25.33.159,AdaptiveStaircase,,2026.1.3,60.139810143051186,2026-09-08 16h25.33.226451 +0530,
85,0.5,1.5,100.36224024999683,,,,,,,,,,100.35100679199968,100.36224024999683,100.86304666700016,100.86304666700016,100.86304666700016,101.16319162499713,101.46490300000005,left,-1.5,1,1,0.5981187079960364,,,,,w,001,2026-09-08_16h25.33.159,AdaptiveStaircase,,2026.1.3,60.139810143051186,2026-09-08 16h25.33.226451 +0530,
86,0.5,1.5,101.47885820800002,,,,,,,,,,101.46526283300045,101.47885820800002,101.97987254199688,101.97987254199688,101.97987254199688,102.27981166700192,102.44837458300026,left,-1.5,1,1,0.4652000410060282,,,,,w,001,2026-09-08_16h25.33.159,AdaptiveStaircase,,2026.1.3,60.139810143051186,2026-09-08 16h25.33.226451 +0530,
87,0.5,1.0,102.46212262500194,,,,,,,,,,102.44877687499684,102.46212262500194,102.96316370800196,102.96316370800196,102.96316370800196,103.26310350000131,103.60060320799676,left,-1.0,1,1,0.6238957500027027,,,,,w,001,2026-09-08_16h25.33.159,AdaptiveStaircase,,2026.1.3,60.139810143051186,2026-09-08 16h25.33.226451 +0530,
88,0.5,1.0,103.61222341699613,,,,,,,,,,103.60094829199807,103.61222341699613,104.11320020799758,104.11320020799758,104.11320020799758,104.41313762500067,104.56688108299568,left,-1.0,1,1,0.4427806669991696,,,,,w,001,2026-09-08_16h25.33.159,AdaptiveStaircase,,2026.1.3,60.139810143051186,2026-09-08 16h25.33.226451 +0530,
89,0.5,1.0,104.57908250000037,,,,,,,,,,104.56717133300117,104.57908250000037,105.0796632920028,105.0796632920028,105.0796632920028,105.37982954199833,105.81754516699584,right,1.0,0,0,0.7223040829994716,,,,,w,001,2026-09-08_16h25.33.159,AdaptiveStaircase,,2026.1.3,60.139810143051186,2026-09-08 16h25.33.226451 +0530,
90,0.5,1.5,105.82884929199645,,,,,,,,,,105.81786404200102,105.82884929199645,106.32980979199783,106.32980979199783,106.32980979199783,106.62976424999943,106.85028608299763,left,-1.5,1,1,0.5021512499952223,,,,,w,001,2026-09-08_16h25.33.159,AdaptiveStaircase,,2026.1.3,60.139810143051186,2026-09-08 16h25.33.226451 +0530,
91,0.5,1.5,106.8632252919997,,,,,,,,,,106.85055633299635,106.8632252919997,107.36314233300072,107.36314233300072,107.36314233300072,107.66307774999586,107.89962995799578,left,-1.5,1,1,0.5236755830046604,,,,,w,001,2026-09-08_16h25.33.159,AdaptiveStaircase,,2026.1.3,60.139810143051186,2026-09-08 16h25.33.226451 +0530,
92,0.5,1.5,107.9129634580022,,,,,,,,,,107.89992929199798,107.9129634580022,108.41313779199845,108.41313779199845,108.41313779199845,108.71305637499609,109.11693008300063,left,-1.5,1,1,0.6917091249997611,,,,,w,001,2026-09-08_16h25.33.159,AdaptiveStaircase,,2026.1.3,60.139810143051186,2026-09-08 16h25.33.226451 +0530,
93,0.5,1.0,109.12865879199671,,,,,,,,,,109.11721083299926,109.12865879199671,109.62964966699656,109.62964966699656,109.62964966699656,109.92973758299922,110.18153612499736,left,-1.0,1,1,0.5491522919983254,,,,,w,001,2026-09-08_16h25.33.159,AdaptiveStaircase,,2026.1.3,60.139810143051186,2026-09-08 16h25.33.226451 +0530,
94,0.5,1.0,110.19541837499855,,,,,,,,,,110.18195033299708,110.19541837499855,110.69638416700036,110.69638416700036,110.69638416700036,110.99629687499691,111.29769829200086,left,-1.0,1,1,0.5993890829995507,,,,,w,001,2026-09-08_16h25.33.159,AdaptiveStaircase,,2026.1.3,60.139810143051186,2026-09-08 16h25.33.226451 +0530,
95,0.5,1.0,111.31309808300284,,,,,,,,,,111.29801795799722,111.31309808300284,111.81302233300084,111.81302233300084,111.81302233300084,112.11296062499605,112.44807804199809,left,-1.0,1,1,0.6289853749985923,,,,,w,001,2026-09-08_16h25.33.159,AdaptiveStaircase,,2026.1.3,60.139810143051186,2026-09-08 16h25.33.226451 +0530,
96,0.5,1,112.46203704200161,,,,,,,,,,112.44846758300264,112.46203704200161,112.96286824999697,112.96286824999697,112.96286824999697,113.26301283299836,113.68136604200117,right,1,1,1,0.7119434580017696,,,,,w,001,2026-09-08_16h25.33.159,AdaptiveStaircase,,2026.1.3,60.139810143051186,2026-09-08 16h25.33.226451 +0530,
97,0.5,1,113.69537820800178,,,,,,,,,,113.68174929200177,113.69537820800178,114.19640604199958,114.19640604199958,114.19640604199958,114.49610891700286,114.85079245799716,left,-1,1,1,0.6412954580009682,,,,,w,001,2026-09-08_16h25.33.159,AdaptiveStaircase,,2026.1.3,60.139810143051186,2026-09-08 16h25.33.226451 +0530,
98,0.5,1,114.86205266699835,,,,,,,,,,114.85110670799622,114.86205266699835,115.36290245800046,115.36290245800046,115.36290245800046,115.66299949999666,115.89804004199686,left,-1,1,1,0.5317460419973941,,,,,w,001,2026-09-08_16h25.33.159,AdaptiveStaircase,,2026.1.3,60.139810143051186,2026-09-08 16h25.33.226451 +0530,
99,0.5,1,115.91199345800123,,,,,,,,,,115.89843666699744,115.91199345800123,116.41281908300152,116.41281908300152,116.41281908300152,116.71294699999999,116.91760895799962,right,1,0,0,0.4888887079941924,,,,,w,001,2026-09-08_16h25.33.159,AdaptiveStaircase,,2026.1.3,60.139810143051186,2026-09-08 16h25.33.226451 +0530,
,,,,,,,,,,,,,,,,,,,,,,,,,116.91786720800155,116.92852895800024,118.92956908299675,118.91310541699931,w,001,2026-09-08_16h25.33.159,AdaptiveStaircase,,2026.1.3,60.139810143051186,2026-09-08 16h25.33.226451 +0530,
